Date,Home Team,Home Score,Away Team,Away Score
2013-08-27,Hazelwood Central,0,Bayless,2
2013-08-28,Pattonville,0,Parkway West,2
2013-08-28,Clinton,0,St. Pius X (Kansas City),7
2013-08-29,Francis Howell Central,0,De Smet Jesuit,3
2013-08-29,McCluer,0,Hazelwood Central,1
2013-08-29,Priory,0,Ladue Horton Watkins,5
2013-08-29,Clinton,2,Marshall,1
2013-08-29,Sacred Heart,6,Osage,1
2013-08-29,Excelsior Springs,2,Platte County,1
2013-08-29,Central (Cape Girardeau),2,Sikeston,3
2013-08-29,Fulton,4,Warrenton,3
2013-08-29,Logan-Rogersville,4,Webb City,3
2013-08-29,Bayless,3,Whitfield,4
2013-08-30,Savannah,2,Belton,0
2013-08-30,Harrisonville,4,Carl Junction,0
2013-08-30,Central (Springfield),1,Carthage,5
2013-08-30,Lebanon,3,Fair Grove,2
2013-08-30,Union,6,Festus,0
2013-08-30,Parkway West,5,Fox,1
2013-08-30,Rockwood Summit,3,Francis Howell North,1
2013-08-30,Ft. Zumwalt South,2,Ft. Zumwalt North,1
2013-08-30,Eureka,4,Kickapoo,1
2013-08-30,Rock Bridge,3,Lee's Summit North,0
2013-08-30,Fair Grove,0,Marshfield,1
2013-08-30,Seckman,1,Northwest (Cedar Hill),2
2013-08-30,Grain Valley,8,Oak Grove,0
2013-08-30,Lebanon,1,Osage,1
2013-08-30,Hillcrest,0,Ozark,3
2013-08-30,Kirkwood,2,Parkway South,1
2013-08-30,Windsor (Imperial),0,Pattonville,2
2013-08-30,Pembroke Hill,0,Rockhurst,6
2013-08-30,Notre Dame (Cape Girardeau),1,Sikeston,2
2013-08-30,Battle,3,Savannah,1
2013-08-30,Lutheran St. Charles,5,St. Charles,1
2013-08-30,Bishop DuBourg,1,Washington,2
2013-08-30,Webb City,0,Waynesville,8
2013-08-30,Troy Buchanan,1,Webster Groves,2
2013-08-31,Oak Grove,1,Belton,4
2013-08-31,Staley,0,Blue Springs,1
2013-08-31,Kirksville,1,Canton,0
2013-08-31,St. Charles,1,Farmington,4
2013-08-31,McCluer North,2,Ft. Zumwalt North,1
2013-08-31,Eureka,1,Glendale,0
2013-08-31,Battle,3,Harrisonville,4
2013-08-31,Savannah,0,Harrisonville,4
2013-08-31,Southern Boone,6,Hazelwood West,2
2013-08-31,Westminster Christian Academy,2,John Burroughs,3
2013-08-31,Duchesne,0,Ladue Horton Watkins,3
2013-08-31,Raytown South,0,Liberty,4
2013-08-31,MICDS,7,Lutheran North,1
2013-08-31,Principia,3,Lutheran South,0
2013-08-31,Lebanon,1,Marshfield,0
2013-08-31,Osage,2,Marshfield,3
2013-08-31,Fair Grove,2,Osage,0
2013-08-31,Smithville,0,Park Hill,2
2013-08-31,Crossroads College Preparatory,5,Ritenour,4
2013-08-31,Rockhurst,2,Rock Bridge,3
2013-08-31,Perryville,1,Sikeston,0
2013-08-31,Grain Valley,0,Savannah,1
2013-08-31,O'Hara,3,Summit Christian Academy,0
2013-08-31,Warrenton,1,Troy Buchanan,7
2013-08-31,Liberty North,3,St. Charles,0
2013-08-31,Mehlville,0,Vianney,8
2013-08-31,Branson,2,West Plains,1
2013-09-02,Carl Junction,3,Monett,2
2013-09-02,Rockwood Summit,4,Pattonville,2
2013-09-02,Summit Christian Academy,2,Platte County,3
2013-09-02,Kearney,7,Raytown,3
2013-09-02,Staley,7,Raytown South,2
2013-09-02,Smithville,3,St. Charles,0
2013-09-03,Sacred Heart,2,Barstow,1
2013-09-03,Bishop LeBlond,6,Benton,1
2013-09-03,Liberty,2,Blue Springs,1
2013-09-03,Oak Grove,1,Boonville,2
2013-09-03,Summit Christian Academy,2,Cameron,3
2013-09-03,Cristo Rey,4,Center,2
2013-09-03,Parkview,2,Central (Springfield),3
2013-09-03,Bishop LeBlond,3,Central (St. Joseph),1
2013-09-03,Webster Groves,3,Chaminade College Prep,2
2013-09-03,Vianney,4,Clayton,0
2013-09-03,Lindbergh,1,Clayton,0
2013-09-03,Guadalupe Centers Charter,1,East (Kansas City),4
2013-09-03,Fulton,3,Fatima,1
2013-09-03,St. Charles West,3,Francis Howell,7
2013-09-03,Francis Howell Central,0,Ft. Zumwalt West,1
2013-09-03,Battle,0,Grain Valley,3
2013-09-03,Cristo Rey,7,Grandview,1
2013-09-03,Pleasant Hill,4,Grandview,1
2013-09-03,McCluer,0,Hazelwood Central,1
2013-09-03,Kirksville,0,Helias Catholic,2
2013-09-03,Timberland,3,Holt,1
2013-09-03,Veritas Christian Academy,1,John F. Kennedy,2
2013-09-03,Lebanon,2,Joplin,4
2013-09-03,Nixa,1,Kickapoo,5
2013-09-03,John Burroughs,1,Ladue Horton Watkins,0
2013-09-03,Benton,1,Lafayette (St. Joseph),2
2013-09-03,Dixon,2,Laquey,4
2013-09-03,O'Hara,0,Lee's Summit,10
2013-09-03,Branson,2,Logan-Rogersville,0
2013-09-03,Lutheran South,7,Lutheran North,0
2013-09-03,Ft. Zumwalt East,0,Marquette,6
2013-09-03,Lutheran (Kansas City),2,Maryville,1
2013-09-03,Kirkwood,2,Mehlville,0
2013-09-03,Elsberry,0,Mexico,5
2013-09-03,Principia,0,MICDS,1
2013-09-03,Cassville,2,Neosho,8
2013-09-03,Winnetonka,9,Northeast (Kansas City),0
2013-09-03,Liberty North,1,Park Hill,2
2013-09-03,Duchesne,1,Parkway North,2
2013-09-03,St. Paul Lutheran (Concordia),1,Platte County,2
2013-09-03,Westminster Christian Academy,1,Priory,2
2013-09-03,Kearney,9,Raytown,3
2013-09-03,Warrenton,0,Ritenour,4
2013-09-03,Windsor (Imperial),1,Rockwood Summit,5
2013-09-03,Rock Bridge,3,Rolla,4
2013-09-03,Van Horn,5,Savannah,2
2013-09-03,Marshall,12,Smithton,2
2013-09-03,Osage,0,Southern Boone,8
2013-09-03,Carthage,0,Springfield Catholic,1
2013-09-03,Fredericktown,3,St. Clair,2
2013-09-03,Vianney,4,Webster Groves,0
2013-09-03,Holden,6,Willard,3
2013-09-03,Belle,3,Webb City,2
2013-09-03,Winfield,3,University City,9
2013-09-03,North Technical,1,Valley Park,7
2013-09-03,St. Pius X (Kansas City),3,Warrensburg,2
2013-09-03,Hillcrest,0,Waynesville,4
2013-09-03,Camdenton,2,West Plains,1
2013-09-03,St. Dominic,3,Whitfield,0
2013-09-03,Ruskin,1,William Chrisman,11
2013-09-04,Summit Christian Academy,0,Barstow,7
2013-09-04,Bishop LeBlond,6,Benton,1
2013-09-04,Fort Osage,2,Blue Springs South,3
2013-09-04,Maplewood-Richmond Hts.,1,Brentwood,5
2013-09-04,Pleasant Hill,3,Center,1
2013-09-04,Lafayette (St. Joseph),1,Central (St. Joseph),7
2013-09-04,Oakville,0,Chaminade College Prep,1
2013-09-04,Clinton,4,Cole Camp,1
2013-09-04,McCluer North,4,Farmington,3
2013-09-04,Hancock,2,Festus,3
2013-09-04,Lafayette (Wildwood),2,Fox,1
2013-09-04,Windsor (Imperial),0,Francis Howell North,6
2013-09-04,St. Charles,0,Ft. Zumwalt North,2
2013-09-04,Ritenour,1,Ft. Zumwalt North,3
2013-09-04,Cristo Rey,7,Grandview,1
2013-09-04,Savannah,0,Harrisonville,4
2013-09-04,Parkway West,8,Hazelwood West,1
2013-09-04,O'Hara,0,Kearney,10
2013-09-04,Bishop LeBlond,5,Lafayette (St. Joseph),1
2013-09-04,Raytown,0,Lee's Summit,7
2013-09-04,Savannah,7,Northeast (Kansas City),0
2013-09-04,Bishop DuBourg,0,Northwest (Cedar Hill),6
2013-09-04,Parkway Central,1,Parkway South,2
2013-09-04,Rockwood Summit,4,Pattonville,2
2013-09-04,Cristo Rey,1,Pleasant Hill,4
2013-09-04,St. Charles,1,Raytown South,3
2013-09-04,Warrenton,0,Ritenour,4
2013-09-04,Washington,0,Seckman,5
2013-09-04,Staley,2,Smithville,3
2013-09-04,Crossroads College Preparatory,1,Troy Buchanan,4
2013-09-04,St. Francis Borgia,2,Union,0
2013-09-04,Winnetonka,1,Van Horn,1
2013-09-04,University City,0,Webster Groves,10
2013-09-04,Bayless,3,Whitfield,4
2013-09-04,Trinity Catholic,10,Winfield,0
2013-09-05,Summit Christian Academy,0,Barstow,7
2013-09-05,Waynesville,0,Battle,2
2013-09-05,Hazelwood Central,0,Bayless,2
2013-09-05,McCluer,1,Bayless,6
2013-09-05,Central (St. Joseph),5,Benton,1
2013-09-05,Liberty North,2,Blue Springs,0
2013-09-05,Sacred Heart,6,Cameron,1
2013-09-05,Webb City,0,Carthage,8
2013-09-05,Springfield Catholic,4,Cassville,0
2013-09-05,Cristo Rey,4,Center,2
2013-09-05,Grandview,0,Center,4
2013-09-05,Kirksville,3,Chillicothe,7
2013-09-05,Osage,3,Crocker,2
2013-09-05,Duchesne,1,De Smet Jesuit,2
2013-09-05,Kirkwood,1,Eureka,2
2013-09-05,Holden,1,Excelsior Springs,5
2013-09-05,Crossroads College Preparatory,1,Farmington,2
2013-09-05,North County,5,Festus,1
2013-09-05,Hazelwood West,1,Fox,2
2013-09-05,Ft. Zumwalt East,1,Francis Howell,5
2013-09-05,Timberland,4,Francis Howell Central,3
2013-09-05,Pattonville,0,Francis Howell North,5
2013-09-05,Ritenour,1,Ft. Zumwalt North,3
2013-09-05,SLUH,2,Ft. Zumwalt South,1
2013-09-05,Ozark,2,Glendale,4
2013-09-05,Warrensburg,0,Grain Valley,2
2013-09-05,Bolivar,0,Greenwood,1
2013-09-05,Canton,0,Hannibal,2
2013-09-05,Camdenton,0,Helias Catholic,2
2013-09-05,Logan-Rogersville,6,Hillcrest,0
2013-09-05,Lutheran North,0,John F. Kennedy,5
2013-09-05,Willard,2,Joplin,9
2013-09-05,Bishop LeBlond,5,Lafayette (St. Joseph),1
2013-09-05,Parkway West,2,Lafayette (Wildwood),1
2013-09-05,Lee's Summit West,2,Lee's Summit North,1
2013-09-05,Park Hill,1,Liberty,0
2013-09-05,Guadalupe Centers Charter,2,Lincoln College Prep,3
2013-09-05,Veritas Christian Academy,1,Lutheran St. Charles,3
2013-09-05,St. Charles West,0,Marquette,6
2013-09-05,Oak Grove,0,Marshall,4
2013-09-05,Fair Grove,2,Marshfield,1
2013-09-05,St. Paul Lutheran (Concordia),3,Maryville,1
2013-09-05,Troy Buchanan,3,McCluer North,1
2013-09-05,Fulton,2,Mexico,3
2013-09-05,St. Clair,3,Montgomery County,0
2013-09-05,St. Pius X (Kansas City),4,North Kansas City,2
2013-09-05,Lift for Life Academy Charter,5,North Technical,4
2013-09-05,Van Horn,10,Northeast (Kansas City),0
2013-09-05,Washington,0,Northwest (Cedar Hill),5
2013-09-05,Branson,3,Parkview,1
2013-09-05,Lutheran (Kansas City),3,Platte County,2
2013-09-05,Cristo Rey,1,Pleasant Hill,4
2013-09-05,Perryville,7,Poplar Bluff,0
2013-09-05,Hickman,0,Rockhurst,6
2013-09-05,Windsor (Imperial),1,Rockwood Summit,5
2013-09-05,Winnetonka,1,Savannah,1
2013-09-05,Bishop DuBourg,1,Seckman,3
2013-09-05,Central (Cape Girardeau),2,Sikeston,3
2013-09-05,Moberly,2,Savannah,3
2013-09-05,Boonville,0,Southern Boone,6
2013-09-05,Warrenton,3,St. Charles,0
2013-09-05,Fatima,0,St. Francis Borgia,5
2013-09-05,Richland,3,Willard,4
2013-09-05,Nixa,2,West Plains,0
2013-09-06,Greenwood,0,Branson,3
2013-09-06,Monett,4,Cassville,0
2013-09-06,Kickapoo,2,Central (Springfield),1
2013-09-06,Vianney,2,Clayton,1
2013-09-06,Mexico,5,Fatima,3
2013-09-06,Pembroke Hill,1,Glendale,2
2013-09-06,Elsberry,2,Hannibal,5
2013-09-06,Belle,4,Iberia,1
2013-09-06,Poplar Bluff,2,Jackson,3
2013-09-06,Kearney,1,Lee's Summit,5
2013-09-06,Webster Groves,2,Lindbergh,3
2013-09-06,Summit Christian Academy,5,Maryville,6
2013-09-06,University City,0,Parkway North,10
2013-09-06,Eureka,5,Parkway South,0
2013-09-06,Parkway Central,2,Priory,3
2013-09-06,O'Hara,0,Raytown,0
2013-09-06,Notre Dame (Cape Girardeau),1,Sikeston,2
2013-09-06,Savannah,3,Smithton,2
2013-09-07,St. Paul Lutheran (Concordia),2,Barstow,1
2013-09-07,Parkview,2,Cassville,0
2013-09-07,Branson,5,Cassville,0
2013-09-07,St. Dominic,2,Duchesne,0
2013-09-07,Marquette,2,Francis Howell,2
2013-09-07,Washington,1,Holt,2
2013-09-07,MICDS,0,John Burroughs,3
2013-09-07,Principia,0,Ladue Horton Watkins,2
2013-09-07,Sacred Heart,4,Lutheran (Kansas City),1
2013-09-07,Westminster Christian Academy,5,Lutheran North,0
2013-09-07,Priory,2,Lutheran South,0
2013-09-07,Summit Christian Academy,5,Maryville,6
2013-09-07,Parkview,3,Monett,4
2013-09-07,Branson,8,Monett,2
2013-09-07,Pembroke Hill,0,Nixa,4
2013-09-07,Hancock,1,North County,2
2013-09-07,Washington,0,Northwest (Cedar Hill),5
2013-09-07,Raymore-Peculiar,0,Oak Park,1
2013-09-07,Webster Groves,2,Oakville,0
2013-09-07,Cameron,0,Platte County,10
2013-09-07,Central (Cape Girardeau),3,Poplar Bluff,1
2013-09-07,Perryville,1,Sikeston,0
2013-09-07,Ft. Zumwalt East,0,St. Charles West,1
2013-09-07,Webster Groves,1,Whitfield,0
2013-09-09,Marshall,1,Chillicothe,3
2013-09-09,Lindbergh,0,Christian Brothers College,2
2013-09-09,East (Kansas City),0,Cristo Rey,3
2013-09-09,Sikeston,6,Fredericktown,0
2013-09-09,Ft. Zumwalt East,0,Ft. Zumwalt South,4
2013-09-09,Thomas Jefferson Independent Day,1,Greenwood,10
2013-09-09,Brentwood,1,Hazelwood East,0
2013-09-09,Warrenton,3,Hillsboro,4
2013-09-09,Summit Christian Academy,0,Lee's Summit North,7
2013-09-09,Timberland,4,McCluer North,3
2013-09-09,Carthage,4,Monett,0
2013-09-09,Raymore-Peculiar,1,North Kansas City,2
2013-09-09,Jackson,1,Northwest (Cedar Hill),4
2013-09-09,Holden,2,Pleasant Hill,3
2013-09-09,Westminster Christian Academy,1,Rockwood Summit,6
2013-09-09,Webb City,0,Rolla,10
2013-09-09,Hancock,0,St. Clair,1
2013-09-09,Savannah,3,St. Pius X (Kansas City),2
2013-09-09,Veritas Christian Academy,0,Trinity Catholic,4
2013-09-09,Helias Catholic,2,Washington,0
2013-09-09,Carl Junction,5,Webb City,0
2013-09-10,Lutheran South,1,Bayless,3
2013-09-10,Grandview,0,Belton,3
2013-09-10,Webster Groves,4,Bishop DuBourg,0
2013-09-10,St. Pius X (Kansas City),2,Blue Springs South,2
2013-09-10,Logan-Rogersville,1,Bolivar,4
2013-09-10,Ozark,1,Branson,5
2013-09-10,Kickapoo,4,Camdenton,0
2013-09-10,Cleveland NJROTC,6,Carnahan,0
2013-09-10,Neosho,1,Carthage,4
2013-09-10,Kearney,2,Central (St. Joseph),1
2013-09-10,Lafayette (St. Joseph),0,Chillicothe,3
2013-09-10,De Smet Jesuit,0,Christian Brothers College,0
2013-09-10,Green Ridge,0,Clinton,6
2013-09-10,Lutheran North,1,Crossroads College Preparatory,7
2013-09-10,Montgomery County,2,Elsberry,3
2013-09-10,Ft. Zumwalt East,1,Eureka,0
2013-09-10,Grain Valley,2,Excelsior Springs,0
2013-09-10,Central (Cape Girardeau),0,Farmington,3
2013-09-10,Valley Park,1,Festus,2
2013-09-10,Liberty North,4,Fort Osage,3
2013-09-10,Hazelwood West,0,Ft. Zumwalt South,6
2013-09-10,Priory,3,Ft. Zumwalt West,0
2013-09-10,Boonville,2,Fulton,5
2013-09-10,Northeast (Kansas City),0,Guadalupe Centers Charter,10
2013-09-10,North Technical,1,Hazelwood East,2
2013-09-10,Harrisonville,11,Holden,1
2013-09-10,St. Dominic,6,Holt,0
2013-09-10,Crocker,7,Iberia,0
2013-09-10,Whitfield,3,John Burroughs,2
2013-09-10,Hannibal,6,Kirksville,1
2013-09-10,Pattonville,0,Ladue Horton Watkins,6
2013-09-10,Rockhurst,1,Lee's Summit,0
2013-09-10,Raytown South,0,Lee's Summit West,10
2013-09-10,McCluer,3,Maplewood-Richmond Hts.,2
2013-09-10,Springfield Catholic,10,Marshfield,0
2013-09-10,Benton,0,Maryville,7
2013-09-10,Parkway North,2,Mehlville,1
2013-09-10,Marshall,4,Mexico,0
2013-09-10,Roosevelt,0,Miller Career Academy,0
2013-09-10,Canton,1,Moberly,3
2013-09-10,Republic,2,Nixa,3
2013-09-10,Lafayette (Wildwood),0,Northwest (Cedar Hill),2
2013-09-10,Sacred Heart,2,Oak Grove,0
2013-09-10,John F. Kennedy,0,Oakville,1
2013-09-10,Cole Camp,2,Osage,5
2013-09-10,Hillcrest,0,Parkview,7
2013-09-10,Marquette,6,Parkway South,0
2013-09-10,Troy Buchanan,0,Parkway West,5
2013-09-10,Summit Christian Academy,0,Pembroke Hill,4
2013-09-10,Warrensburg,2,Pleasant Hill,0
2013-09-10,Barat Academy,0,Principia,10
2013-09-10,Blue Springs,3,Raymore-Peculiar,1
2013-09-10,Belle,4,Richland,3
2013-09-10,Clayton,3,Ritenour,2
2013-09-10,Cameron,2,Savannah,5
2013-09-10,Vianney,5,SLUH,1
2013-09-10,St. Paul Lutheran (Concordia),4,Smithton,0
2013-09-10,Fatima,3,St. Clair,0
2013-09-10,Park Hill,1,Staley,0
2013-09-10,Warrenton,8,Webb City,0
2013-09-10,Raytown,2,St. Charles,1
2013-09-10,Windsor (Imperial),2,Union,1
2013-09-10,William Chrisman,2,Van Horn,1
2013-09-10,Willard,7,Webb City,0
2013-09-10,Lebanon,2,West Plains,3
2013-09-10,North Kansas City,1,Winnetonka,0
2013-09-11,Brentwood,0,Bayless,4
2013-09-11,Webster Groves,7,Bishop DuBourg,0
2013-09-11,Greenwood,1,Central (Springfield),2
2013-09-11,Hancock,7,Cleveland NJROTC,2
2013-09-11,Seckman,10,Festus,0
2013-09-11,Affton,5,Fox,0
2013-09-11,Francis Howell Central,1,Francis Howell,6
2013-09-11,Troy Buchanan,3,Francis Howell North,2
2013-09-11,Washington,1,Ft. Zumwalt North,5
2013-09-11,Rolla,2,Hillsboro,0
2013-09-11,Chaminade College Prep,2,Kirkwood,1
2013-09-11,Parkway South,0,Ladue Horton Watkins,6
2013-09-11,Pembroke Hill,0,Lee's Summit North,3
2013-09-11,MICDS,4,Lutheran South,0
2013-09-11,Hazelwood Central,2,McCluer,1
2013-09-11,Westminster Christian Academy,2,McCluer North,0
2013-09-11,Parkview,3,Ozark,4
2013-09-11,Windsor (Imperial),1,Pacific,3
2013-09-11,Hazelwood East,0,Ritenour,4
2013-09-11,Timberland,1,Rockwood Summit,1
2013-09-11,Belton,10,Ruskin,0
2013-09-11,Lutheran (Kansas City),1,Van Horn,0
2013-09-11,Parkway Central,0,Webster Groves,1
2013-09-12,Marshfield,2,Aurora,4
2013-09-12,Smithville,3,Barstow,1
2013-09-12,Savannah,0,Benton,1
2013-09-12,Duchesne,3,Bishop DuBourg,0
2013-09-12,Rockhurst,8,Blue Springs South,0
2013-09-12,Fair Grove,0,Bolivar,3
2013-09-12,Hannibal,3,Boonville,1
2013-09-12,Cassville,1,Branson,9
2013-09-12,Elsberry,2,Canton,3
2013-09-12,Liberty North,1,Central (St. Joseph),0
2013-09-12,Cameron,2,Chillicothe,3
2013-09-12,SLUH,1,Christian Brothers College,1
2013-09-12,St. Paul Lutheran (Concordia),0,Clinton,2
2013-09-12,Richland,2,Crocker,5
2013-09-12,Vianney,3,De Smet Jesuit,1
2013-09-12,Southwest Early College,1,East (Kansas City),8
2013-09-12,John F. Kennedy,1,Eureka,5
2013-09-12,Belle,2,Fatima,4
2013-09-12,Barat Academy,0,Ft. Zumwalt North,6
2013-09-12,Holt,0,Ft. Zumwalt West,1
2013-09-12,Carthage,1,Glendale,0
2013-09-12,Pleasant Hill,0,Grain Valley,2
2013-09-12,Ruskin,0,Grandview,8
2013-09-12,Smithton,5,Green Ridge,2
2013-09-12,Nixa,3,Greenwood,1
2013-09-12,Lift for Life Academy Charter,2,Hancock,8
2013-09-12,Timberland,2,Hazelwood West,1
2013-09-12,Central (Springfield),5,Hillcrest,0
2013-09-12,Windsor (Imperial),0,Hillsboro,1
2013-09-12,Laquey,10,Iberia,0
2013-09-12,St. Pius X (Festus),2,John Burroughs,4
2013-09-12,Moberly,1,Kirksville,3
2013-09-12,Parkway Central,0,Kirkwood,5
2013-09-12,Excelsior Springs,2,Lafayette (St. Joseph),0
2013-09-12,Fox,1,Lafayette (Wildwood),3
2013-09-12,Lee's Summit West,1,Lee's Summit,0
2013-09-12,Lincoln College Prep,7,Lutheran (Kansas City),3
2013-09-12,Francis Howell North,1,Marquette,6
2013-09-12,Fulton,1,Marshall,2
2013-09-12,Warrensburg,5,Maryville,2
2013-09-12,Battle,2,Mexico,3
2013-09-12,Platte County,0,North Kansas City,3
2013-09-12,Central (Cape Girardeau),2,Northwest (Cedar Hill),5
2013-09-12,Sikeston,2,Notre Dame (Cape Girardeau),1
2013-09-12,Park Hill South,4,Oak Park,0
2013-09-12,Ft. Zumwalt East,0,Oakville,1
2013-09-12,Oak Grove,4,O'Hara,6
2013-09-12,Blue Springs,1,Park Hill,0
2013-09-12,Clayton,0,Parkway West,3
2013-09-12,Parkway North,2,Pattonville,0
2013-09-12,Festus,0,Perryville,10
2013-09-12,Fredericktown,1,Poplar Bluff,7
2013-09-12,St. Dominic,2,Priory,1
2013-09-12,Kearney,6,Raymore-Peculiar,2
2013-09-12,St. Pius X (Kansas City),4,Raytown South,0
2013-09-12,West Plains,0,Republic,3
2013-09-12,Pacific,1,Rolla,6
2013-09-12,Harrisonville,3,Sacred Heart,2
2013-09-12,Center,0,Savannah,2
2013-09-12,St. Charles,0,St. Charles West,6
2013-09-12,Helias Catholic,2,St. Francis Borgia,0
2013-09-12,Fort Osage,3,St. Charles,1
2013-09-12,Warrenton,1,Union,2
2013-09-12,Crossroads College Preparatory,8,University City,4
2013-09-12,Willard,1,Waynesville,4
2013-09-12,Joplin,7,Webb City,0
2013-09-12,St. Clair,2,Winfield,1
2013-09-12,William Chrisman,2,Winnetonka,4
2013-09-13,Trinity Catholic,0,Affton,2
2013-09-13,Laquey,7,Aurora,0
2013-09-13,Bolivar,5,Camdenton,1
2013-09-13,Winfield,0,Canton,6
2013-09-13,Lift for Life Academy Charter,4,Cleveland NJROTC,7
2013-09-13,Smithton,1,Clinton,3
2013-09-13,Troy Buchanan,0,Ft. Zumwalt South,3
2013-09-13,St. Paul Lutheran (Concordia),6,Green Ridge,2
2013-09-13,University City,0,Hazelwood Central,6
2013-09-13,Central (Springfield),5,Hillcrest,0
2013-09-13,Lebanon,4,Hillcrest,1
2013-09-13,Ozark,3,Logan-Rogersville,2
2013-09-13,Sacred Heart,3,Lutheran (Kansas City),2
2013-09-13,McCluer,3,Lutheran North,2
2013-09-13,Rockwood Summit,1,McCluer North,0
2013-09-13,Waynesville,4,Nixa,3
2013-09-13,Whitfield,1,Notre Dame (Cape Girardeau),0
2013-09-13,Branson,2,Parkview,1
2013-09-13,Northwest (Cedar Hill),1,Parkway South,0
2013-09-13,Fatima,0,Rock Bridge,2
2013-09-13,Clayton,1,Webster Groves,2
2013-09-13,Dixon,2,Willard,0
2013-09-13,Westminster Christian Academy,1,Timberland,2
2013-09-13,Parkway West,0,Webster Groves,1
2013-09-14,Fair Grove,2,Aurora,1
2013-09-14,Raytown South,1,Blue Springs South,3
2013-09-14,Lebanon,1,Central (Springfield),1
2013-09-14,Vianney,1,Christian Brothers College,1
2013-09-14,SLUH,1,De Smet Jesuit,0
2013-09-14,Lincoln College Prep,3,East (Kansas City),2
2013-09-14,Ft. Zumwalt West,1,Eureka,2
2013-09-14,Laquey,7,Fair Grove,0
2013-09-14,Hannibal,4,Fulton,2
2013-09-14,MICDS,2,Hickman,1
2013-09-14,John F. Kennedy,1,Holt,2
2013-09-14,Warrensburg,6,Lafayette (St. Joseph),0
2013-09-14,Maryville,5,Lafayette (St. Joseph),1
2013-09-14,St. Pius X (Kansas City),1,Lee's Summit,3
2013-09-14,Rockhurst,1,Lee's Summit West,6
2013-09-14,Jefferson City,2,Marquette,1
2013-09-14,Excelsior Springs,1,Maryville,0
2013-09-14,St. Dominic,1,Oakville,0
2013-09-14,Bayless,2,Principia,3
2013-09-14,Ft. Zumwalt East,1,Priory,2
2013-09-14,Central (Cape Girardeau),2,Rockwood Summit,7
2013-09-14,Fulton,1,Southern Boone,6
2013-09-14,Excelsior Springs,1,Warrensburg,1
2013-09-16,St. Pius X (Kansas City),5,Barstow,3
2013-09-16,Dixon,3,Belle,2
2013-09-16,Liberty,5,Blue Springs,1
2013-09-16,Marshfield,1,Cassville,2
2013-09-16,Center,1,Clinton,2
2013-09-16,Iberia,3,Crocker,11
2013-09-16,Brentwood,0,Crossroads College Preparatory,1
2013-09-16,Warrenton,0,Fatima,5
2013-09-16,Van Horn,7,Grandview,0
2013-09-16,Holden,5,Green Ridge,1
2013-09-16,Pleasant Hill,0,Harrisonville,6
2013-09-16,Soldan International Studies,4,Hazelwood Central,0
2013-09-16,Union,2,Hazelwood East,1
2013-09-16,Blue Springs South,3,Kearney,2
2013-09-16,Mexico,1,Kirksville,2
2013-09-16,St. Charles West,0,Ladue Horton Watkins,5
2013-09-16,John F. Kennedy,0,Lafayette (Wildwood),1
2013-09-16,Osage,0,Laquey,6
2013-09-16,Fair Grove,0,Lebanon,4
2013-09-16,Raymore-Peculiar,2,Lee's Summit North,3
2013-09-16,Lutheran North,3,McCluer,2
2013-09-16,Kirkwood,3,McCluer North,2
2013-09-16,Carl Junction,3,Monett,2
2013-09-16,Joplin,3,Neosho,0
2013-09-16,St. Clair,0,North County,3
2013-09-16,Lindbergh,0,Northwest (Cedar Hill),1
2013-09-16,Washington,3,Pacific,4
2013-09-16,Lee's Summit West,2,Park Hill,1
2013-09-16,Central (St. Joseph),0,Park Hill South,3
2013-09-16,Clayton,1,Parkway South,2
2013-09-16,Lee's Summit,9,Pembroke Hill,1
2013-09-16,Webster Groves,2,Priory,4
2013-09-16,Duchesne,2,Ritenour,1
2013-09-16,St. Charles,10,Ruskin,0
2013-09-16,Affton,1,Seckman,2
2013-09-16,Perryville,4,Sikeston,0
2013-09-16,University City,0,St. Charles,3
2013-09-16,Bishop DuBourg,0,St. Dominic,10
2013-09-16,North Kansas City,1,Staley,0
2013-09-16,Boonville,4,Willard,0
2013-09-16,Francis Howell,2,Timberland,3
2013-09-16,Hazelwood West,1,Trinity Catholic,3
2013-09-16,Lutheran St. Charles,2,Union,1
2013-09-16,Bolivar,0,Warrensburg,2
2013-09-17,Marshfield,1,Bolivar,5
2013-09-17,Marshall,9,Boonville,0
2013-09-17,Bayless,4,Brentwood,0
2013-09-17,Liberty North,4,Cameron,0
2013-09-17,Roosevelt,5,Carnahan,4
2013-09-17,Clinton,2,Center,1
2013-09-17,Sikeston,0,Central (Cape Girardeau),1
2013-09-17,Webb City,0,Central (Springfield),8
2013-09-17,Priory,0,Christian Brothers College,4
2013-09-17,Lutheran (Kansas City),0,Cristo Rey,6
2013-09-17,Eureka,0,De Smet Jesuit,1
2013-09-17,Richland,1,Dixon,5
2013-09-17,Missouri Military Academy,6,Elsberry,0
2013-09-17,Parkway South,1,Fox,3
2013-09-17,Troy Buchanan,1,Francis Howell Central,2
2013-09-17,Ft. Zumwalt East,0,Ft. Zumwalt South,4
2013-09-17,Francis Howell North,2,Ft. Zumwalt West,3
2013-09-17,Raytown South,5,Grandview,0
2013-09-17,Moberly,2,Hannibal,0
2013-09-17,Oak Grove,0,Harrisonville,3
2013-09-17,Fulton,2,Helias Catholic,3
2013-09-17,Joplin,5,Hillcrest,0
2013-09-17,Lebanon,0,Kickapoo,7
2013-09-17,Oakville,2,Lindbergh,0
2013-09-17,Springfield Catholic,5,Logan-Rogersville,1
2013-09-17,Lafayette (Wildwood),0,Marquette,6
2013-09-17,Parkway North,0,McCluer North,3
2013-09-17,Principia,3,MICDS,0
2013-09-17,Carthage,2,Nixa,1
2013-09-17,Raytown,2,North Kansas City,3
2013-09-17,Mehlville,4,Northwest (Cedar Hill),0
2013-09-17,Belton,1,Oak Park,0
2013-09-17,Willard,7,Ozark,2
2013-09-17,Vianney,3,Parkway Central,0
2013-09-17,Seckman,1,Parkway West,2
2013-09-17,Hazelwood West,0,Pattonville,1
2013-09-17,Pleasant Hill,0,Pembroke Hill,5
2013-09-17,Poplar Bluff,0,Perryville,4
2013-09-17,Winnetonka,0,Platte County,1
2013-09-17,Branson,4,Republic,1
2013-09-17,Holt,0,Rockwood Summit,2
2013-09-17,Parkview,1,Rolla,9
2013-09-17,Lafayette (St. Joseph),0,Savannah,3
2013-09-17,Maryville,0,Smithville,10
2013-09-17,Waynesville,0,Soldan International Studies,6
2013-09-17,Belle,0,St. Clair,1
2013-09-17,St. Francis Borgia,0,St. Dominic,2
2013-09-17,Duchesne,3,Webster Groves,1
2013-09-17,Bishop LeBlond,0,St. Pius X (Kansas City),3
2013-09-17,Park Hill South,3,Staley,0
2013-09-17,Hancock,2,Valley Park,1
2013-09-17,Winfield,1,Warrenton,11
2013-09-17,Ft. Zumwalt North,2,Washington,0
2013-09-17,SLUH,2,Webster Groves,1
2013-09-17,Waynesville,5,West Plains,0
2013-09-17,Whitfield,2,Westminster Christian Academy,1
2013-09-17,Lutheran South,4,Windsor (Imperial),0
2013-09-18,Winfield,4,Barat Academy,2
2013-09-18,Lutheran (Kansas City),2,Barstow,3
2013-09-18,St. Francis Borgia,3,Bishop DuBourg,0
2013-09-18,St. Charles,3,Central (St. Joseph),5
2013-09-18,MICDS,1,Clayton,2
2013-09-18,Maplewood-Richmond Hts.,1,Crossroads College Preparatory,8
2013-09-18,Kirkwood,3,Fox,0
2013-09-18,Elsberry,0,Ft. Zumwalt North,8
2013-09-18,Kearney,10,Grandview,0
2013-09-18,Ritenour,2,Hazelwood Central,1
2013-09-18,Union,2,Hazelwood East,1
2013-09-18,Rolla,1,Jefferson City,2
2013-09-18,Lee's Summit West,0,Lee's Summit,2
2013-09-18,Blue Springs,0,Lee's Summit North,3
2013-09-18,Raytown,2,Liberty North,3
2013-09-18,University City,1,McCluer,3
2013-09-18,Jackson,0,Mehlville,8
2013-09-18,Hancock,7,North Technical,0
2013-09-18,Warrensburg,5,O'Hara,4
2013-09-18,Ruskin,0,Park Hill,12
2013-09-18,Blue Springs South,4,Raymore-Peculiar,1
2013-09-18,Windsor (Imperial),0,Seckman,2
2013-09-18,Excelsior Springs,0,Smithville,6
2013-09-18,Lutheran North,0,St. Charles,4
2013-09-18,Bishop LeBlond,0,St. Pius X (Kansas City),3
2013-09-18,Valley Park,2,Webb City,1
2013-09-19,Winfield,1,Barat Academy,0
2013-09-19,Chillicothe,1,Benton,0
2013-09-19,St. Francis Borgia,4,Bishop DuBourg,0
2013-09-19,Hillcrest,1,Bolivar,7
2013-09-19,Lebanon,2,Central (Springfield),4
2013-09-19,Lift for Life Academy Charter,2,Cleveland NJROTC,4
2013-09-19,St. Pius X (Festus),7,Crossroads College Preparatory,0
2013-09-19,Rockwood Summit,0,De Smet Jesuit,4
2013-09-19,Pattonville,1,Duchesne,2
2013-09-19,Northwest (Cedar Hill),0,Eureka,1
2013-09-19,Troy Buchanan,0,Francis Howell,2
2013-09-19,Francis Howell Central,3,Francis Howell North,1
2013-09-19,Willard,4,Green Ridge,1
2013-09-19,Southeast,0,Guadalupe Centers Charter,10
2013-09-19,Helias Catholic,2,Hannibal,0
2013-09-19,Brentwood,1,Hazelwood East,0
2013-09-19,Ft. Zumwalt East,0,Holt,2
2013-09-19,Affton,1,John F. Kennedy,0
2013-09-19,Platte County,0,Kearney,2
2013-09-19,Fatima,3,Kirksville,0
2013-09-19,Webster Groves,1,Ladue Horton Watkins,0
2013-09-19,Richland,1,Laquey,8
2013-09-19,Rock Bridge,1,Lee's Summit West,0
2013-09-19,Winnetonka,2,Liberty North,3
2013-09-19,Van Horn,1,Lincoln College Prep,2
2013-09-19,Westminster Christian Academy,0,Lutheran South,1
2013-09-19,Lindbergh,0,Marquette,4
2013-09-19,University City,1,McCluer,3
2013-09-19,Fox,1,Mehlville,0
2013-09-19,Neosho,3,Nixa,6
2013-09-19,Cristo Rey,7,Northeast (Kansas City),0
2013-09-19,Lafayette (Wildwood),1,Oakville,2
2013-09-19,Kickapoo,6,Ozark,0
2013-09-19,North County,1,Pacific,5
2013-09-19,Liberty,0,Park Hill South,1
2013-09-19,West Plains,5,Parkview,4
2013-09-19,Kirkwood,4,Parkway North,0
2013-09-19,Central (Cape Girardeau),2,Poplar Bluff,1
2013-09-19,Southwest Early College,2,Ruskin,4
2013-09-19,Christian Brothers College,2,SLUH,1
2013-09-19,Greenwood,0,Springfield Catholic,5
2013-09-19,Webster Groves,2,St. Dominic,4
2013-09-19,Oak Grove,3,St. Paul Lutheran (Concordia),2
2013-09-19,Festus,3,Webb City,0
2013-09-19,Ft. Zumwalt West,1,Timberland,2
2013-09-19,St. Charles West,10,Warrenton,0
2013-09-19,Ft. Zumwalt South,6,Washington,0
2013-09-19,Camdenton,1,Waynesville,5
2013-09-19,St. Clair,0,Windsor (Imperial),2
2013-09-20,Lutheran South,2,Affton,3
2013-09-20,Valley Park,0,Bayless,6
2013-09-20,Crocker,1,Belle,0
2013-09-20,Neosho,0,Carthage,1
2013-09-20,Springfield Catholic,4,Central (Springfield),0
2013-09-20,Brentwood,0,Crossroads College Preparatory,1
2013-09-20,Veritas Christian Academy,4,Elsberry,1
2013-09-20,Parkview,1,Farmington,3
2013-09-20,Parkway South,0,Francis Howell,6
2013-09-20,Holt,1,Ft. Zumwalt South,2
2013-09-20,Southwest Early College,0,Guadalupe Centers Charter,4
2013-09-20,Maplewood-Richmond Hts.,1,Hancock,2
2013-09-20,University City,1,Hazelwood East,2
2013-09-20,Parkway Central,2,Jackson,0
2013-09-20,Barstow,0,John Burroughs,6
2013-09-20,Parkway North,0,Lafayette (Wildwood),1
2013-09-20,Cristo Rey,4,Lincoln College Prep,2
2013-09-20,Lutheran North,0,Lutheran St. Charles,3
2013-09-20,Union,3,McCluer,1
2013-09-20,Fort Osage,6,Mexico,0
2013-09-20,Montgomery County,0,Moberly,6
2013-09-20,Vianney,2,Nixa,0
2013-09-20,Ft. Zumwalt North,8,North Technical,1
2013-09-20,Republic,1,Ozark,3
2013-09-20,Liberty,0,Park Hill South,1
2013-09-20,Rolla,3,Parkway West,1
2013-09-20,Whitfield,0,Pembroke Hill,3
2013-09-20,Southern Boone,3,Principia,2
2013-09-20,MICDS,2,Ritenour,3
2013-09-20,Southeast,0,Ruskin,10
2013-09-20,Hazelwood West,0,St. Charles West,1
2013-09-20,Fair Grove,4,Willard,3
2013-09-20,St. Paul Lutheran (Concordia),3,Summit Christian Academy,0
2013-09-20,East (Kansas City),4,Van Horn,2
2013-09-21,Thomas Jefferson Independent Day,0,Aurora,3
2013-09-21,Springfield Catholic,0,Carthage,2
2013-09-21,Farmington,1,Carthage,2
2013-09-21,Neosho,2,Central (Springfield),1
2013-09-21,Christian Brothers College,0,Chaminade College Prep,1
2013-09-21,Missouri Military Academy,0,Christian Brothers College,8
2013-09-21,West Plains,1,Farmington,3
2013-09-21,Fort Osage,4,Fatima,1
2013-09-21,Marshall,0,Fatima,1
2013-09-21,Parkway West,2,Francis Howell,1
2013-09-21,Parkway Central,2,Francis Howell,3
2013-09-21,Vianney,4,Glendale,2
2013-09-21,Parkway North,1,Jackson,0
2013-09-21,Parkway South,2,Jackson,2
2013-09-21,Pembroke Hill,0,John Burroughs,2
2013-09-21,Mexico,4,Kirksville,0
2013-09-21,Parkway Central,1,Lafayette (Wildwood),0
2013-09-21,Parkway West,0,Lafayette (Wildwood),1
2013-09-21,St. Charles West,10,McCluer,0
2013-09-21,Montgomery County,0,Mexico,7
2013-09-21,Fort Osage,4,Moberly,2
2013-09-21,Marshall,0,Moberly,3
2013-09-21,Guadalupe Centers Charter,12,Northeast (Kansas City),3
2013-09-21,Central (Springfield),3,Parkview,1
2013-09-21,Rolla,4,Parkway North,0
2013-09-21,Rolla,5,Parkway South,2
2013-09-21,Barstow,1,Principia,2
2013-09-21,East (Kansas City),10,Ruskin,0
2013-09-21,Barstow,0,Southern Boone,3
2013-09-21,Veritas Christian Academy,2,St. Clair,1
2013-09-21,SLUH,1,St. Dominic,3
2013-09-21,Cristo Rey,6,Van Horn,1
2013-09-21,Neosho,3,West Plains,0
2013-09-21,Southern Boone,4,Whitfield,0
2013-09-23,Pacific,1,Affton,3
2013-09-23,Greenwood,10,Aurora,1
2013-09-23,Northwest (Cedar Hill),2,Bayless,0
2013-09-23,St. Pius X (Festus),4,Bishop DuBourg,0
2013-09-23,Lee's Summit,2,Blue Springs,0
2013-09-23,Park Hill South,2,Blue Springs South,1
2013-09-23,Smithton,2,Boonville,5
2013-09-23,Kickapoo,5,Branson,1
2013-09-23,Benton,4,Cameron,3
2013-09-23,Neosho,0,Carl Junction,1
2013-09-23,Webster Groves,1,Chaminade College Prep,2
2013-09-23,Trinity Catholic,1,Christian Brothers College,2
2013-09-23,Green Ridge,0,Clinton,2
2013-09-23,Sacred Heart,9,Cole Camp,0
2013-09-23,Warrenton,4,Elsberry,1
2013-09-23,Maplewood-Richmond Hts.,1,Festus,0
2013-09-23,Hazelwood West,1,Ft. Zumwalt East,6
2013-09-23,O'Hara,1,Grain Valley,4
2013-09-23,Lift for Life Academy Charter,0,Hazelwood East,6
2013-09-23,Battle,1,Helias Catholic,3
2013-09-23,Osage,2,Iberia,0
2013-09-23,Vianney,1,Kirkwood,1
2013-09-23,Raymore-Peculiar,0,Lee's Summit West,6
2013-09-23,Lee's Summit North,3,Liberty,0
2013-09-23,Guadalupe Centers Charter,1,Lincoln College Prep,2
2013-09-23,Bishop LeBlond,2,Lutheran (Kansas City),1
2013-09-23,West Plains,2,Marshfield,1
2013-09-23,Timberland,2,McCluer North,1
2013-09-23,Mexico,2,Missouri Military Academy,1
2013-09-23,Webster Groves,0,Oakville,3
2013-09-23,St. Charles,1,Park Hill,5
2013-09-23,University City,0,Parkway Central,10
2013-09-23,Harrisonville,0,Platte County,1
2013-09-23,Raytown,3,Raytown South,2
2013-09-23,Camdenton,1,Savannah,3
2013-09-23,East (Kansas City),11,Southeast,0
2013-09-23,Central (St. Joseph),0,Staley,4
2013-09-23,Ft. Zumwalt West,0,Troy Buchanan,1
2013-09-24,Laquey,3,Belle,0
2013-09-24,Springfield Catholic,4,Bolivar,0
2013-09-24,Principia,3,Brentwood,1
2013-09-24,Gateway,10,Carnahan,0
2013-09-24,Ozark,1,Carthage,4
2013-09-24,Raytown South,2,Center,1
2013-09-24,Jackson,2,Central (Cape Girardeau),3
2013-09-24,Monett,1,Central (Springfield),4
2013-09-24,John F. Kennedy,1,Clayton,3
2013-09-24,Dixon,5,Cole Camp,3
2013-09-24,Lincoln College Prep,1,Cristo Rey,2
2013-09-24,St. Francis Borgia,2,Duchesne,1
2013-09-24,Missouri Military Academy,5,Fatima,6
2013-09-24,Perryville,5,Festus,1
2013-09-24,Raytown,1,Fort Osage,4
2013-09-24,Bishop DuBourg,4,Fox,3
2013-09-24,Francis Howell North,1,Francis Howell,2
2013-09-24,Lindbergh,1,Francis Howell Central,3
2013-09-24,SLUH,8,Fredericktown,0
2013-09-24,Timberland,1,Ft. Zumwalt North,1
2013-09-24,Ft. Zumwalt West,0,Ft. Zumwalt South,2
2013-09-24,Kirksville,4,Fulton,1
2013-09-24,Camdenton,8,Hillcrest,1
2013-09-24,Valley Park,0,Hillsboro,5
2013-09-24,Oak Grove,2,Holden,1
2013-09-24,Richland,4,Iberia,2
2013-09-24,Glendale,1,Joplin,2
2013-09-24,Staley,2,Kearney,3
2013-09-24,Waynesville,3,Lebanon,0
2013-09-24,Platte County,0,Liberty North,2
2013-09-24,De Smet Jesuit,3,Marquette,4
2013-09-24,Logan-Rogersville,3,Marshfield,0
2013-09-24,Chillicothe,4,Maryville,2
2013-09-24,Chaminade College Prep,3,Mehlville,1
2013-09-24,Hannibal,3,Mexico,2
2013-09-24,Boonville,1,Moberly,4
2013-09-24,Southwest Early College,4,Northeast (Kansas City),2
2013-09-24,North Kansas City,0,Oak Park,2
2013-09-24,Kickapoo,4,Parkview,2
2013-09-24,Parkway South,1,Parkway North,0
2013-09-24,MICDS,1,Priory,2
2013-09-24,Hazelwood West,3,Ritenour,2
2013-09-24,Eureka,0,Rockwood Summit,0
2013-09-24,Gateway,11,Roosevelt,1
2013-09-24,St. Pius X (Kansas City),2,Smithville,3
2013-09-24,Cleveland NJROTC,0,Soldan International Studies,10
2013-09-24,Barat Academy,0,St. Charles West,10
2013-09-24,Veritas Christian Academy,2,St. Clair,1
2013-09-24,Grain Valley,2,St. Paul Lutheran (Concordia),1
2013-09-24,Carnahan,1,Waynesville,5
2013-09-24,Rock Bridge,2,Vianney,1
2013-09-24,Clinton,0,Warrensburg,2
2013-09-24,Webb City,1,Warrenton,11
2013-09-24,Nixa,10,Webb City,0
2013-09-24,Rolla,5,West Plains,0
2013-09-24,Republic,0,Willard,4
2013-09-24,Winnetonka,1,William Chrisman,0
2013-09-25,Pattonville,1,Bayless,1
2013-09-25,Lafayette (St. Joseph),1,Benton,3
2013-09-25,Blue Springs,1,Blue Springs South,5
2013-09-25,Hancock,0,Brentwood,4
2013-09-25,Southwest Early College,0,East (Kansas City),10
2013-09-25,Winfield,1,Elsberry,3
2013-09-25,De Smet Jesuit,1,Farmington,2
2013-09-25,St. Pius X (Festus),0,Fox,1
2013-09-25,SLUH,2,Francis Howell Central,0
2013-09-25,Hillsboro,5,Fredericktown,1
2013-09-25,McCluer North,2,Ft. Zumwalt North,1
2013-09-25,Hazelwood East,0,Hazelwood Central,6
2013-09-25,Ft. Zumwalt South,7,Holt,1
2013-09-25,De Smet Jesuit,1,John Burroughs,2
2013-09-25,Rock Bridge,3,Kirkwood,1
2013-09-25,Fair Grove,0,Laquey,2
2013-09-25,Lee's Summit,1,Lee's Summit North,2
2013-09-25,Raymore-Peculiar,1,Liberty,2
2013-09-25,North County,4,Maplewood-Richmond Hts.,3
2013-09-25,Barat Academy,0,McCluer,6
2013-09-25,Cleveland NJROTC,6,North Technical,1
2013-09-25,Southeast,0,Northeast (Kansas City),8
2013-09-25,Excelsior Springs,3,Oak Grove,0
2013-09-25,Trinity Catholic,1,Oakville,1
2013-09-25,Park Hill South,3,Park Hill,2
2013-09-25,Ladue Horton Watkins,5,Parkway North,1
2013-09-25,Parkway Central,3,Parkway West,2
2013-09-25,Bishop LeBlond,2,Pembroke Hill,1
2013-09-25,Ruskin,0,Raytown South,4
2013-09-25,O'Hara,0,Savannah,4
2013-09-25,St. Clair,0,St. Charles,2
2013-09-25,Veritas Christian Academy,3,St. Charles,3
2013-09-25,Lee's Summit West,5,St. Charles,0
2013-09-25,Affton,4,Union,0
2013-09-25,Guadalupe Centers Charter,2,Van Horn,0
2013-09-25,Christian Brothers College,0,Webster Groves,0
2013-09-25,Priory,3,Westminster Christian Academy,0
2013-09-26,Barstow,0,Belton,2
2013-09-26,Harrisonville,2,Blue Springs South,0
2013-09-26,Branson,3,Bolivar,5
2013-09-26,Warrensburg,2,Camdenton,1
2013-09-26,Willard,1,Carl Junction,2
2013-09-26,Oak Grove,2,Center,3
2013-09-26,East (Kansas City),1,Cristo Rey,4
2013-09-26,Webb City,0,Dixon,3
2013-09-26,Lutheran St. Charles,11,Elsberry,1
2013-09-26,Helias Catholic,1,Fatima,2
2013-09-26,North County,2,Festus,1
2013-09-26,Oak Park,1,Fort Osage,6
2013-09-26,Valley Park,0,Fredericktown,3
2013-09-26,Ft. Zumwalt West,0,Ft. Zumwalt East,1
2013-09-26,Kickapoo,2,Glendale,0
2013-09-26,Fulton,1,Hannibal,5
2013-09-26,MICDS,2,Hazelwood West,0
2013-09-26,Grain Valley,4,Holden,1
2013-09-26,Central (Springfield),0,Joplin,5
2013-09-26,Notre Dame (Cape Girardeau),0,Lafayette (Wildwood),1
2013-09-26,Osage,0,Lebanon,6
2013-09-26,SLUH,5,Lindbergh,4
2013-09-26,Perryville,10,Maplewood-Richmond Hts.,0
2013-09-26,Eureka,1,Marquette,2
2013-09-26,Kirksville,1,Marshall,6
2013-09-26,Savannah,0,Maryville,1
2013-09-26,Veritas Christian Academy,2,McCluer,3
2013-09-26,Webster Groves,1,Mehlville,1
2013-09-26,Winfield,5,Montgomery County,0
2013-09-26,Pattonville,1,Northwest (Cedar Hill),3
2013-09-26,Christian Brothers College,3,Oakville,0
2013-09-26,Nixa,1,Parkview,2
2013-09-26,Central (St. Joseph),2,Platte County,0
2013-09-26,Sikeston,2,Poplar Bluff,1
2013-09-26,Crossroads College Preparatory,1,Principia,3
2013-09-26,William Chrisman,0,Raytown,4
2013-09-26,Liberty North,3,Raytown South,0
2013-09-26,Neosho,1,Republic,2
2013-09-26,Lift for Life Academy Charter,4,Roosevelt,1
2013-09-26,Park Hill South,10,Ruskin,0
2013-09-26,Green Ridge,0,Sacred Heart,10
2013-09-26,Staley,1,Smithville,4
2013-09-26,St. Charles West,1,St. Charles,0
2013-09-26,Barat Academy,2,St. Clair,1
2013-09-26,Francis Howell North,0,St. Dominic,3
2013-09-26,Soldan International Studies,1,St. Francis Borgia,2
2013-09-26,Smithton,1,Willard,4
2013-09-26,Ozark,4,Webb City,0
2013-09-26,Trinity Catholic,0,Webster Groves,5
2013-09-26,Logan-Rogersville,1,West Plains,0
2013-09-27,Summit Christian Academy,1,Belton,2
2013-09-27,Logan-Rogersville,0,Camdenton,3
2013-09-27,Rock Bridge,0,Chaminade College Prep,1
2013-09-27,SLUH,4,Christian Brothers College,3
2013-09-27,Bolivar,3,Clinton,2
2013-09-27,Hancock,1,Crossroads College Preparatory,3
2013-09-27,Crocker,0,Dixon,3
2013-09-27,Liberty North,1,Excelsior Springs,0
2013-09-27,Ft. Zumwalt South,1,Francis Howell,2
2013-09-27,Southwest Early College,1,Guadalupe Centers Charter,4
2013-09-27,Marquette,5,Hazelwood West,1
2013-09-27,Savannah,0,Jefferson City,3
2013-09-27,Trinity Catholic,0,John F. Kennedy,2
2013-09-27,North Kansas City,0,Joplin,1
2013-09-27,Republic,3,Lebanon,0
2013-09-27,Southeast,0,Lincoln College Prep,10
2013-09-27,North Technical,0,Lutheran St. Charles,10
2013-09-27,Veritas Christian Academy,2,McCluer North,3
2013-09-27,Perryville,5,North County,0
2013-09-27,East (Kansas City),6,Northeast (Kansas City),1
2013-09-27,Seckman,4,Northwest (Cedar Hill),1
2013-09-27,Ft. Zumwalt East,2,Parkway South,4
2013-09-27,Troy Buchanan,4,Poplar Bluff,1
2013-09-27,Helias Catholic,1,Raymore-Peculiar,6
2013-09-27,Iberia,2,Richland,3
2013-09-27,Parkway North,1,Ritenour,0
2013-09-27,Ladue Horton Watkins,2,Rockwood Summit,1
2013-09-27,Battle,0,Rolla,6
2013-09-27,Ozark,0,Southern Boone,5
2013-09-27,Pembroke Hill,2,St. Paul Lutheran (Concordia),4
2013-09-27,Affton,3,Whitfield,2
2013-09-28,Pembroke Hill,2,Belton,3
2013-09-28,Staley,0,Blue Springs South,2
2013-09-28,Smithville,1,Blue Springs South,2
2013-09-28,Branson,2,Camdenton,1
2013-09-28,Greenwood,0,Central (Springfield),3
2013-09-28,SLUH,0,Chaminade College Prep,2
2013-09-28,Timberland,3,Clayton,0
2013-09-28,Branson,3,Clinton,0
2013-09-28,Logan-Rogersville,2,Clinton,1
2013-09-28,Iberia,2,Crocker,1
2013-09-28,Laquey,6,Dixon,0
2013-09-28,Montgomery County,4,Elsberry,5
2013-09-28,Valley Park,0,Festus,1
2013-09-28,Maplewood-Richmond Hts.,7,Fredericktown,6
2013-09-28,Francis Howell,1,Ft. Zumwalt West,2
2013-09-28,Marshall,1,Hannibal,4
2013-09-28,Smithville,2,Harrisonville,0
2013-09-28,Staley,0,Harrisonville,1
2013-09-28,North County,2,Hillsboro,1
2013-09-28,Poplar Bluff,2,Jefferson City,4
2013-09-28,Troy Buchanan,0,Jefferson City,3
2013-09-28,MICDS,1,John Burroughs,2
2013-09-28,Raymore-Peculiar,3,Joplin,0
2013-09-28,Helias Catholic,2,Joplin,0
2013-09-28,Warrensburg,5,Logan-Rogersville,0
2013-09-28,Summit Christian Academy,0,Lutheran North,2
2013-09-28,Barstow,3,Maryville,0
2013-09-28,Raymore-Peculiar,1,North Kansas City,0
2013-09-28,Helias Catholic,1,North Kansas City,0
2013-09-28,Guadalupe Centers Charter,12,Northeast (Kansas City),3
2013-09-28,Westminster Christian Academy,0,Notre Dame (Cape Girardeau),4
2013-09-28,Battle,0,Ozark,2
2013-09-28,Rolla,5,Ozark,0
2013-09-28,Savannah,2,Poplar Bluff,2
2013-09-28,Laquey,4,Richland,0
2013-09-28,Iberia,2,Richland,4
2013-09-28,Troy Buchanan,2,Savannah,1
2013-09-28,Battle,0,Southern Boone,10
2013-09-28,Rolla,2,Southern Boone,1
2013-09-28,Perryville,1,University City,0
2013-09-28,Warrenton,0,Veritas Christian Academy,4
2013-09-28,Bolivar,0,Warrensburg,1
2013-09-28,Greenwood,2,West Plains,0
2013-09-28,Lutheran St. Charles,11,Winfield,1
2013-09-30,Priory,3,Affton,2
2013-09-30,Carl Junction,2,Aurora,0
2013-09-30,Staley,3,Belton,0
2013-09-30,St. Dominic,4,Bishop DuBourg,0
2013-09-30,Bishop LeBlond,1,Chillicothe,2
2013-09-30,Westminster Christian Academy,3,Clayton,1
2013-09-30,Willard,1,Cole Camp,2
2013-09-30,Guadalupe Centers Charter,3,Cristo Rey,5
2013-09-30,North Technical,0,Crossroads College Preparatory,10
2013-09-30,SLUH,2,Duchesne,0
2013-09-30,Canton,3,Elsberry,2
2013-09-30,Mehlville,1,Eureka,2
2013-09-30,Crocker,0,Fatima,4
2013-09-30,North Kansas City,0,Fort Osage,1
2013-09-30,Marquette,8,Fox,1
2013-09-30,Lafayette (Wildwood),2,Francis Howell Central,1
2013-09-30,Holt,2,Ft. Zumwalt East,0
2013-09-30,West Plains,0,Glendale,8
2013-09-30,Sacred Heart,8,Green Ridge,1
2013-09-30,Marshfield,0,Greenwood,4
2013-09-30,Warrensburg,0,Harrisonville,7
2013-09-30,University City,2,Hazelwood East,1
2013-09-30,Barat Academy,0,John F. Kennedy,6
2013-09-30,Rockwood Summit,1,Kirkwood,5
2013-09-30,Parkway West,1,Ladue Horton Watkins,2
2013-09-30,Raymore-Peculiar,1,Lee's Summit,2
2013-09-30,Park Hill South,1,Lee's Summit West,4
2013-09-30,Blue Springs South,3,Liberty,1
2013-09-30,Pattonville,2,Lindbergh,3
2013-09-30,Cameron,3,Lutheran (Kansas City),6
2013-09-30,Bayless,7,Maplewood-Richmond Hts.,0
2013-09-30,Lafayette (St. Joseph),0,Maryville,1
2013-09-30,Southern Boone,6,Mexico,1
2013-09-30,Richland,3,Osage,2
2013-09-30,Webb City,0,Pacific,10
2013-09-30,Grandview,0,Pleasant Hill,1
2013-09-30,Central (St. Joseph),10,Ruskin,0
2013-09-30,Southwest Early College,10,Southeast,0
2013-09-30,Ritenour,2,St. Charles West,3
2013-09-30,O'Hara,0,St. Pius X (Kansas City),6
2013-09-30,Lutheran St. Charles,4,Trinity Catholic,1
2013-09-30,St. Pius X (Festus),3,Whitfield,2
2013-10-01,Van Horn,2,Barstow,3
2013-10-01,Fort Osage,2,Belton,0
2013-10-01,Savannah,2,Bishop LeBlond,1
2013-10-01,Mexico,3,Boonville,2
2013-10-01,Joplin,3,Camdenton,0
2013-10-01,Miller Career Academy,8,Carnahan,0
2013-10-01,Poplar Bluff,0,Central (Cape Girardeau),2
2013-10-01,Priory,3,Chaminade College Prep,4
2013-10-01,Waynesville,5,Cleveland NJROTC,1
2013-10-01,Savannah,1,Clinton,0
2013-10-01,Smithton,1,Cole Camp,2
2013-10-01,Ft. Zumwalt South,4,De Smet Jesuit,3
2013-10-01,Cristo Rey,4,East (Kansas City),1
2013-10-01,Ft. Zumwalt West,2,Francis Howell,1
2013-10-01,Washington,0,Ft. Zumwalt East,7
2013-10-01,Moberly,4,Fulton,1
2013-10-01,Soldan International Studies,3,Gateway,2
2013-10-01,Lebanon,0,Glendale,8
2013-10-01,Excelsior Springs,1,Grain Valley,5
2013-10-01,Holden,0,Harrisonville,9
2013-10-01,Hazelwood Central,0,Holt,3
2013-10-01,Liberty North,2,Kearney,0
2013-10-01,Hillcrest,0,Kickapoo,10
2013-10-01,Cameron,2,Lafayette (St. Joseph),1
2013-10-01,Chillicothe,10,Lafayette (St. Joseph),0
2013-10-01,Belle,2,Laquey,3
2013-10-01,Rolla,5,Lebanon,0
2013-10-01,Northeast (Kansas City),0,Lincoln College Prep,10
2013-10-01,Parkway South,3,Lindbergh,2
2013-10-01,Bolivar,2,Logan-Rogersville,0
2013-10-01,St. Pius X (Festus),4,Lutheran South,5
2013-10-01,St. Francis Borgia,2,Lutheran St. Charles,0
2013-10-01,Hancock,0,Maplewood-Richmond Hts.,1
2013-10-01,Lafayette (Wildwood),3,MICDS,0
2013-10-01,Battle,5,Montgomery County,0
2013-10-01,Branson,2,Neosho,1
2013-10-01,Oakville,3,Northwest (Cedar Hill),0
2013-10-01,Center,1,O'Hara,5
2013-10-01,Fatima,6,Osage,1
2013-10-01,Nixa,3,Ozark,0
2013-10-01,Hazelwood West,0,Parkway North,4
2013-10-01,Blue Springs,3,Platte County,2
2013-10-01,Oak Grove,0,Pleasant Hill,1
2013-10-01,Oak Park,2,Raytown,0
2013-10-01,Winnetonka,0,Raytown South,1
2013-10-01,Central (Springfield),2,Republic,4
2013-10-01,Hickman,0,Rock Bridge,5
2013-10-01,Jackson,3,Sikeston,1
2013-10-01,Jefferson City,1,SLUH,0
2013-10-01,Carl Junction,0,Springfield Catholic,3
2013-10-01,Winfield,1,St. Charles,5
2013-10-01,Hillsboro,3,St. Clair,0
2013-10-01,Lutheran (Kansas City),0,St. Paul Lutheran (Concordia),10
2013-10-01,Seckman,10,Webb City,0
2013-10-01,Francis Howell Central,0,Timberland,3
2013-10-01,Webster Groves,4,Trinity Catholic,1
2013-10-01,Francis Howell North,4,Troy Buchanan,0
2013-10-01,Kirkwood,10,University City,0
2013-10-01,Brentwood,4,Valley Park,0
2013-10-01,Bishop DuBourg,1,Veritas Christian Academy,3
2013-10-01,Marshall,2,Warrensburg,3
2013-10-01,Parkview,1,Waynesville,2
2013-10-01,Carthage,1,Willard,0
2013-10-01,Staley,1,William Chrisman,0
2013-10-01,Festus,1,Windsor (Imperial),3
2013-10-02,Crossroads College Preparatory,2,Brentwood,0
2013-10-02,Smithville,9,Cameron,1
2013-10-02,Lee's Summit West,6,Central (St. Joseph),0
2013-10-02,Ladue Horton Watkins,1,Clayton,0
2013-10-02,Iberia,0,Dixon,4
2013-10-02,Farmington,7,Festus,0
2013-10-02,Ft. Zumwalt West,1,Francis Howell,4
2013-10-02,Francis Howell,2,Francis Howell Central,0
2013-10-02,Waynesville,0,Glendale,3
2013-10-02,McCluer North,7,Hazelwood East,0
2013-10-02,Seckman,1,Jackson,2
2013-10-02,Duchesne,2,John F. Kennedy,0
2013-10-02,Liberty,3,Lee's Summit,2
2013-10-02,Blue Springs South,0,Lee's Summit North,6
2013-10-02,Grandview,0,Liberty North,4
2013-10-02,Clinton,2,Oak Grove,1
2013-10-02,Parkway South,1,Oakville,2
2013-10-02,Fox,2,Pacific,3
2013-10-02,St. Charles,0,Park Hill South,5
2013-10-02,Parkway North,0,Parkway Central,4
2013-10-02,Fair Grove,3,Richland,1
2013-10-02,Pattonville,1,Ritenour,5
2013-10-02,Webster Groves,2,Rockwood Summit,1
2013-10-02,Raytown,8,Ruskin,0
2013-10-02,Willard,0,Smithton,3
2013-10-02,Veritas Christian Academy,1,St. Dominic,5
2013-10-02,Union,4,Washington,1
2013-10-02,St. Charles West,10,Winfield,0
2013-10-03,The Fulton School,2,Barat Academy,1
2013-10-03,Southern Boone,8,Battle,1
2013-10-03,John F. Kennedy,4,Bishop DuBourg,0
2013-10-03,Maryville,3,Bishop LeBlond,5
2013-10-03,St. Pius X (Kansas City),5,Center,1
2013-10-03,Park Hill South,4,Central (St. Joseph),0
2013-10-03,Rock Bridge,0,Chaminade College Prep,1
2013-10-03,St. Paul Lutheran (Concordia),1,Chillicothe,0
2013-10-03,Lutheran St. Charles,1,Duchesne,2
2013-10-03,Harrisonville,4,Excelsior Springs,1
2013-10-03,North County,0,Farmington,4
2013-10-03,Francis Howell,2,Francis Howell Central,0
2013-10-03,Ft. Zumwalt North,0,Ft. Zumwalt East,3
2013-10-03,Raytown,4,Grain Valley,3
2013-10-03,McCluer,1,Hazelwood West,5
2013-10-03,Rolla,4,Helias Catholic,0
2013-10-03,Willard,5,Hillcrest,0
2013-10-03,Pleasant Hill,5,Holden,0
2013-10-03,Lutheran South,0,John Burroughs,3
2013-10-03,Raytown South,0,Kearney,7
2013-10-03,Boonville,1,Kirksville,2
2013-10-03,Lindbergh,0,Lafayette (Wildwood),3
2013-10-03,Crocker,1,Laquey,3
2013-10-03,Richland,0,Lebanon,3
2013-10-03,Park Hill,1,Lee's Summit West,2
2013-10-03,Republic,2,Marshfield,0
2013-10-03,Holt,3,McCluer North,1
2013-10-03,Marshall,0,Moberly,4
2013-10-03,Bolivar,3,Monett,5
2013-10-03,Canton,7,Montgomery County,1
2013-10-03,Belton,1,North Kansas City,2
2013-10-03,Joplin,4,Parkview,0
2013-10-03,Kirkwood,1,Parkway West,2
2013-10-03,Whitfield,3,Pattonville,1
2013-10-03,Grandview,0,Platte County,4
2013-10-03,Westminster Christian Academy,0,Principia,2
2013-10-03,Webster Groves,1,Seckman,3
2013-10-03,St. Charles West,5,St. Charles,0
2013-10-03,Trinity Catholic,1,St. Francis Borgia,6
2013-10-03,Fort Osage,5,Staley,6
2013-10-03,Francis Howell North,1,Timberland,3
2013-10-03,Pembroke Hill,4,St. Charles,3
2013-10-03,Warrenton,6,University City,3
2013-10-03,Winfield,1,Veritas Christian Academy,11
2013-10-03,Oak Grove,0,Warrensburg,7
2013-10-03,Webb City,0,Washington,8
2013-10-03,Aurora,0,Webb City,3
2013-10-03,Valley Park,1,Windsor (Imperial),3
2013-10-03,Ruskin,0,Winnetonka,10
2013-10-04,Bayless,4,Affton,3
2013-10-04,North Technical,2,Barat Academy,5
2013-10-04,Camdenton,3,Boonville,0
2013-10-04,Vianney,3,Eureka,2
2013-10-04,Rockwood Summit,5,Fulton,0
2013-10-04,West Plains,0,Greenwood,7
2013-10-04,Valley Park,2,Hancock,3
2013-10-04,Ozark,1,Hannibal,0
2013-10-04,Clinton,6,Holden,0
2013-10-04,Webb City,0,Logan-Rogersville,3
2013-10-04,Clayton,1,Lutheran North,2
2013-10-04,Crossroads College Preparatory,5,Maplewood-Richmond Hts.,2
2013-10-04,Crocker,3,Marshfield,4
2013-10-04,Lebanon,0,Moberly,1
2013-10-04,Fatima,7,Osage,0
2013-10-04,Lee's Summit West,2,Park Hill,1
2013-10-04,Jackson,0,Parkway South,3
2013-10-04,O'Hara,0,Raytown,0
2013-10-04,Warrenton,0,St. Charles,5
2013-10-04,Westminster Christian Academy,1,St. Pius X (Festus),4
2013-10-04,Troy Buchanan,1,Timberland,4
2013-10-04,McCluer,5,University City,4
2013-10-05,Platte County,1,Battle,3
2013-10-05,Lutheran South,3,Bishop DuBourg,0
2013-10-05,Osage,1,Boonville,2
2013-10-05,Fatima,5,Camdenton,2
2013-10-05,Nixa,1,Carthage,2
2013-10-05,Ft. Zumwalt West,1,Carthage,0
2013-10-05,Lebanon,3,Crocker,0
2013-10-05,Vianney,1,De Smet Jesuit,3
2013-10-05,St. Charles West,0,Ft. Zumwalt East,2
2013-10-05,Marshfield,3,Fulton,4
2013-10-05,Ozark,2,Fulton,1
2013-10-05,Rockwood Summit,6,Hannibal,1
2013-10-05,Parkway West,4,Hickman,1
2013-10-05,Chillicothe,4,Kirksville,3
2013-10-05,Parkway Central,1,Liberty,2
2013-10-05,Mehlville,1,Liberty,2
2013-10-05,Rockhurst,0,Marquette,1
2013-10-05,Springfield Catholic,0,Mehlville,2
2013-10-05,Crocker,0,Moberly,1
2013-10-05,Southwest Early College,4,Northeast (Kansas City),3
2013-10-05,Springfield Catholic,1,Parkway Central,0
2013-10-05,McCluer North,4,Ritenour,0
2013-10-05,Webster Groves,2,St. Francis Borgia,0
2013-10-05,Trinity Catholic,2,Whitfield,1
2013-10-07,Cassville,4,Aurora,1
2013-10-07,Lindbergh,2,Bayless,1
2013-10-07,Maryville,0,Benton,1
2013-10-07,Lee's Summit,2,Blue Springs South,3
2013-10-07,Fulton,1,Boonville,2
2013-10-07,Southern Boone,5,Canton,0
2013-10-07,Cleveland NJROTC,6,Carnahan,0
2013-10-07,Smithville,3,Central (St. Joseph),0
2013-10-07,John Burroughs,1,Chaminade College Prep,1
2013-10-07,Belle,4,Crocker,2
2013-10-07,Whitfield,0,De Smet Jesuit,2
2013-10-07,Holt,4,Ft. Zumwalt North,3
2013-10-07,West Plains,0,Glendale,8
2013-10-07,Oak Grove,0,Grain Valley,3
2013-10-07,Center,7,Grandview,1
2013-10-07,Southwest Early College,1,Guadalupe Centers Charter,9
2013-10-07,Trinity Catholic,7,Hazelwood East,2
2013-10-07,Parkway South,6,Hazelwood West,4
2013-10-07,Savannah,3,Hickman,4
2013-10-07,Cole Camp,0,Holden,9
2013-10-07,Poplar Bluff,0,Jackson,1
2013-10-07,Ritenour,0,Ladue Horton Watkins,9
2013-10-07,Westminster Christian Academy,0,Lafayette (Wildwood),3
2013-10-07,Ruskin,0,Lee's Summit West,10
2013-10-07,Rockhurst,4,Liberty,1
2013-10-07,Lafayette (St. Joseph),0,Lutheran (Kansas City),3
2013-10-07,MICDS,0,Lutheran North,1
2013-10-07,Barat Academy,1,Lutheran St. Charles,5
2013-10-07,Camdenton,2,Marshfield,0
2013-10-07,St. Charles,4,McCluer,1
2013-10-07,Elsberry,1,Missouri Military Academy,6
2013-10-07,Helias Catholic,2,Moberly,1
2013-10-07,Perryville,1,Notre Dame (Cape Girardeau),0
2013-10-07,Platte County,2,Park Hill,6
2013-10-07,Webster Groves,0,Parkway Central,1
2013-10-07,Harrisonville,2,Pleasant Hill,0
2013-10-07,Bishop DuBourg,0,Priory,3
2013-10-07,Iberia,2,Richland,3
2013-10-07,Rockwood Summit,4,Seckman,0
2013-10-07,Fredericktown,0,Sikeston,10
2013-10-07,University City,0,St. Charles West,10
2013-10-07,Willard,1,St. Paul Lutheran (Concordia),8
2013-10-07,Lee's Summit North,4,St. Charles,0
2013-10-07,Northwest (Cedar Hill),6,Union,2
2013-10-08,William Chrisman,1,Belton,0
2013-10-08,Carthage,3,Branson,2
2013-10-08,Logan-Rogersville,2,Carl Junction,3
2013-10-08,Gateway,6,Carnahan,0
2013-10-08,Republic,5,Cassville,3
2013-10-08,Francis Howell North,0,Christian Brothers College,1
2013-10-08,Affton,1,Clayton,2
2013-10-08,Fair Grove,1,Crocker,2
2013-10-08,St. Francis Borgia,2,Duchesne,1
2013-10-08,Northwest (Cedar Hill),4,Festus,0
2013-10-08,Liberty,7,Fort Osage,1
2013-10-08,Timberland,1,Francis Howell,2
2013-10-08,Poplar Bluff,5,Fredericktown,1
2013-10-08,Ft. Zumwalt West,0,Ft. Zumwalt South,2
2013-10-08,Missouri Military Academy,3,Fulton,0
2013-10-08,Cameron,2,Grain Valley,5
2013-10-08,Center,1,Guadalupe Centers Charter,3
2013-10-08,Crossroads College Preparatory,4,Hancock,0
2013-10-08,Kirksville,0,Hannibal,2
2013-10-08,Parkway West,2,Hazelwood Central,0
2013-10-08,St. Charles West,5,Hazelwood East,0
2013-10-08,Lafayette (Wildwood),4,Hazelwood West,0
2013-10-08,Rock Bridge,3,Helias Catholic,0
2013-10-08,St. Charles,0,Holt,2
2013-10-08,Battle,0,Jefferson City,10
2013-10-08,Webster Groves,3,John Burroughs,3
2013-10-08,Kickapoo,1,Joplin,3
2013-10-08,Savannah,3,Lafayette (St. Joseph),2
2013-10-08,Fatima,1,Laquey,4
2013-10-08,Lee's Summit West,2,Lee's Summit North,3
2013-10-08,Principia,2,Lutheran St. Charles,1
2013-10-08,Brentwood,0,Maplewood-Richmond Hts.,1
2013-10-08,Mexico,0,Marshall,2
2013-10-08,Bolivar,3,Marshfield,0
2013-10-08,McCluer North,8,McCluer,0
2013-10-08,Lindbergh,2,Mehlville,3
2013-10-08,Camdenton,0,Moberly,3
2013-10-08,Webb City,1,Neosho,5
2013-10-08,Liberty North,3,North Kansas City,1
2013-10-08,Marquette,4,Oakville,2
2013-10-08,Clinton,3,O'Hara,1
2013-10-08,Dixon,0,Osage,1
2013-10-08,Greenwood,2,Ozark,4
2013-10-08,Raymore-Peculiar,0,Park Hill South,5
2013-10-08,Chaminade College Prep,2,Parkway Central,0
2013-10-08,Westminster Christian Academy,2,Parkway South,3
2013-10-08,Kirkwood,4,Pattonville,0
2013-10-08,St. Paul Lutheran (Concordia),4,Pleasant Hill,1
2013-10-08,Lutheran North,0,Priory,4
2013-10-08,Van Horn,2,Raytown South,0
2013-10-08,Hillcrest,0,Rolla,10
2013-10-08,Parkway North,1,Seckman,2
2013-10-08,Sacred Heart,9,Smithton,1
2013-10-08,Roosevelt,0,Soldan International Studies,6
2013-10-08,Union,1,St. Clair,0
2013-10-08,Warrensburg,1,St. Pius X (Kansas City),3
2013-10-08,Raytown,0,Staley,3
2013-10-08,Pacific,9,Webb City,0
2013-10-08,Francis Howell Central,2,Troy Buchanan,0
2013-10-08,Trinity Catholic,9,University City,0
2013-10-08,Bayless,4,Valley Park,1
2013-10-08,John F. Kennedy,3,Veritas Christian Academy,1
2013-10-08,Whitfield,0,Webster Groves,0
2013-10-08,Parkview,7,West Plains,1
2013-10-08,Nixa,0,Willard,1
2013-10-08,Warrenton,0,Winfield,3
2013-10-08,Kearney,3,Winnetonka,0
2013-10-09,Hickman,4,Battle,1
2013-10-09,Oak Park,3,Belton,1
2013-10-09,Excelsior Springs,2,Benton,0
2013-10-09,St. Pius X (Festus),4,Brentwood,2
2013-10-09,Lafayette (St. Joseph),0,Cameron,3
2013-10-09,Platte County,1,Central (St. Joseph),0
2013-10-09,Savannah,0,Chillicothe,3
2013-10-09,Northwest (Cedar Hill),5,Fox,2
2013-10-09,Lebanon,0,Glendale,8
2013-10-09,Winnetonka,4,Grandview,0
2013-10-09,Blue Springs,3,Liberty,5
2013-10-09,Pacific,5,Maplewood-Richmond Hts.,0
2013-10-09,Hazelwood Central,1,McCluer North,4
2013-10-09,Oakville,2,Mehlville,1
2013-10-09,Jackson,1,Notre Dame (Cape Girardeau),0
2013-10-09,Pleasant Hill,3,Oak Grove,0
2013-10-09,Smithville,0,Park Hill,1
2013-10-09,Hazelwood East,0,Pattonville,1
2013-10-09,Blue Springs South,4,Pembroke Hill,1
2013-10-09,Central (Cape Girardeau),2,Perryville,1
2013-10-09,Van Horn,2,Raytown South,0
2013-10-09,Ft. Zumwalt North,3,Ritenour,2
2013-10-09,Parkway North,0,Rockwood Summit,2
2013-10-09,Sacred Heart,1,Southern Boone,2
2013-10-09,Christian Brothers College,1,St. Dominic,2
2013-10-09,Lee's Summit North,2,Staley,0
2013-10-09,Ruskin,0,St. Charles,10
2013-10-09,St. Clair,1,Warrenton,2
2013-10-09,Affton,4,Windsor (Imperial),0
2013-10-09,Barat Academy,2,Winfield,3
2013-10-10,Northwest (Cedar Hill),0,Affton,2
2013-10-10,Pembroke Hill,3,Barstow,5
2013-10-10,Richland,3,Belle,6
2013-10-10,Raytown,3,Blue Springs South,2
2013-10-10,Willard,2,Bolivar,3
2013-10-10,Neosho,0,Carl Junction,1
2013-10-10,Ozark,6,Cassville,2
2013-10-10,Webster Groves,1,Chaminade College Prep,5
2013-10-10,Excelsior Springs,1,Chillicothe,1
2013-10-10,Jefferson City,2,Christian Brothers College,0
2013-10-10,McCluer,0,Clayton,4
2013-10-10,Laquey,4,Dixon,1
2013-10-10,Vianney,3,Eureka,0
2013-10-10,William Chrisman,2,Fort Osage,6
2013-10-10,Timberland,2,Francis Howell North,1
2013-10-10,Notre Dame (Cape Girardeau),6,Fredericktown,0
2013-10-10,Francis Howell Central,1,Ft. Zumwalt East,2
2013-10-10,Francis Howell,4,Ft. Zumwalt West,1
2013-10-10,Marshall,4,Fulton,0
2013-10-10,Lutheran (Kansas City),2,Guadalupe Centers Charter,1
2013-10-10,Brentwood,1,Hancock,0
2013-10-10,Boonville,2,Hannibal,7
2013-10-10,Oak Park,1,Harrisonville,1
2013-10-10,University City,1,Hazelwood East,6
2013-10-10,Westminster Christian Academy,2,Hazelwood West,2
2013-10-10,West Plains,2,Hillcrest,0
2013-10-10,Willard,4,Iberia,3
2013-10-10,Lutheran St. Charles,0,John F. Kennedy,1
2013-10-10,St. Pius X (Kansas City),2,Kearney,4
2013-10-10,Lindbergh,1,Kirkwood,2
2013-10-10,Seckman,0,Ladue Horton Watkins,5
2013-10-10,Parkway South,0,Lafayette (Wildwood),3
2013-10-10,Camdenton,2,Lebanon,1
2013-10-10,Fox,3,Lutheran South,1
2013-10-10,Helias Catholic,2,Mexico,1
2013-10-10,Parkway North,1,MICDS,2
2013-10-10,Kirksville,1,Moberly,2
2013-10-10,Elsberry,5,Montgomery County,0
2013-10-10,Raymore-Peculiar,4,North Kansas City,3
2013-10-10,Holden,0,Oak Grove,2
2013-10-10,Summit Christian Academy,1,O'Hara,2
2013-10-10,Crocker,3,Osage,1
2013-10-10,St. Clair,0,Pacific,5
2013-10-10,Liberty North,0,Park Hill South,2
2013-10-10,Fair Grove,0,Parkview,6
2013-10-10,John Burroughs,1,Parkway Central,1
2013-10-10,Grain Valley,4,Pleasant Hill,1
2013-10-10,Grandview,1,Raytown South,7
2013-10-10,Aurora,3,Republic,5
2013-10-10,Benton,1,Savannah,0
2013-10-10,Priory,1,SLUH,3
2013-10-10,Crossroads College Preparatory,2,Soldan International Studies,0
2013-10-10,Warrenton,1,St. Charles,5
2013-10-10,Trinity Catholic,2,St. Charles West,6
2013-10-10,St. Francis Borgia,0,St. Dominic,2
2013-10-10,Clinton,0,St. Paul Lutheran (Concordia),1
2013-10-10,Monett,11,Thomas Jefferson Independent Day,1
2013-10-10,Webb City,0,Union,4
2013-10-10,Center,0,Van Horn,3
2013-10-10,Savannah,1,Warrensburg,2
2013-10-10,Rolla,2,Waynesville,3
2013-10-10,De Smet Jesuit,2,Webster Groves,0
2013-10-11,Glendale,2,Blue Springs,0
2013-10-11,Webb City,0,Carl Junction,5
2013-10-11,Lee's Summit West,5,Carthage,0
2013-10-11,Joplin,4,Cassville,0
2013-10-11,Fatima,10,Crocker,0
2013-10-11,Marshall,5,Crocker,1
2013-10-11,Sacred Heart,4,Greenwood,0
2013-10-11,Troy Buchanan,2,Holt,3
2013-10-11,Nixa,0,Jefferson City,2
2013-10-11,Savannah,1,Kickapoo,3
2013-10-11,Republic,3,Lebanon,0
2013-10-11,Principia,5,Lutheran North,1
2013-10-11,Ft. Zumwalt East,0,Parkway West,2
2013-10-11,Republic,3,Poplar Bluff,0
2013-10-11,Timberland,3,Ritenour,1
2013-10-11,SLUH,2,Rock Bridge,1
2013-10-11,Marshall,1,Southern Boone,6
2013-10-11,Bishop DuBourg,1,Webster Groves,2
2013-10-11,Windsor (Imperial),1,St. Pius X (Festus),2
2013-10-11,Maplewood-Richmond Hts.,1,Valley Park,2
2013-10-11,Springfield Catholic,1,Waynesville,0
2013-10-11,Battle,1,Willard,3
2013-10-12,Nixa,3,Blue Springs,4
2013-10-12,Carthage,1,Blue Springs,0
2013-10-12,Joplin,3,Carl Junction,1
2013-10-12,Savannah,0,Carthage,2
2013-10-12,Benton,0,Chillicothe,3
2013-10-12,Marshall,5,Crocker,1
2013-10-12,Chaminade College Prep,1,De Smet Jesuit,3
2013-10-12,Marshall,2,Fatima,1
2013-10-12,Rolla,4,Ft. Zumwalt East,1
2013-10-12,Jefferson City,3,Glendale,2
2013-10-12,Kickapoo,2,Glendale,1
2013-10-12,Maplewood-Richmond Hts.,1,Hancock,2
2013-10-12,St. Pius X (Kansas City),3,Harrisonville,2
2013-10-12,Kearney,0,Harrisonville,1
2013-10-12,Lee's Summit West,2,Jefferson City,0
2013-10-12,Lee's Summit West,3,Kickapoo,0
2013-10-12,Jackson,0,Lindbergh,3
2013-10-12,Christian Brothers College,3,Missouri Military Academy,0
2013-10-12,Southeast,0,Northeast (Kansas City),1
2013-10-12,St. Pius X (Kansas City),0,Oak Park,1
2013-10-12,Kearney,3,Oak Park,2
2013-10-12,Francis Howell North,1,Oakville,3
2013-10-12,Park Hill South,2,Park Hill,1
2013-10-12,Raymore-Peculiar,2,Platte County,0
2013-10-12,Battle,1,Poplar Bluff,4
2013-10-12,Greenwood,1,Poplar Bluff,2
2013-10-12,Sacred Heart,2,Republic,0
2013-10-12,Marquette,1,Rock Bridge,2
2013-10-12,Excelsior Springs,2,Savannah,1
2013-10-12,Nixa,0,Savannah,3
2013-10-12,Liberty North,3,Smithville,4
2013-10-12,Crocker,0,Southern Boone,10
2013-10-12,Fatima,0,Southern Boone,5
2013-10-12,Sacred Heart,1,Springfield Catholic,2
2013-10-12,Greenwood,4,Waynesville,2
2013-10-12,Battle,1,Waynesville,4
2013-10-12,Neosho,4,Webb City,0
2013-10-12,Republic,1,Willard,3
2013-10-12,Springfield Catholic,1,Willard,0
2013-10-14,Lindbergh,3,Affton,2
2013-10-14,Iberia,0,Belle,5
2013-10-14,Webster Groves,4,Bishop DuBourg,2
2013-10-14,Lee's Summit North,2,Blue Springs,1
2013-10-14,Raymore-Peculiar,4,Blue Springs South,5
2013-10-14,University City,0,Clayton,8
2013-10-14,O'Hara,1,Clinton,3
2013-10-14,Whitfield,1,Crossroads College Preparatory,0
2013-10-14,MICDS,0,Eureka,1
2013-10-14,North County,7,Festus,2
2013-10-14,Ft. Zumwalt South,2,Francis Howell Central,1
2013-10-14,Pleasant Hill,0,Green Ridge,8
2013-10-14,Jefferson City,4,Helias Catholic,0
2013-10-14,Liberty,3,Kearney,4
2013-10-14,Raytown South,2,Liberty North,4
2013-10-14,Cristo Rey,1,Lincoln College Prep,3
2013-10-14,Barat Academy,1,McCluer,0
2013-10-14,Cameron,0,Oak Grove,3
2013-10-14,Vianney,2,Oakville,1
2013-10-14,Rockhurst,2,Park Hill South,0
2013-10-14,Duchesne,0,Priory,1
2013-10-14,North Kansas City,2,Raytown,1
2013-10-14,Glendale,2,Rolla,5
2013-10-14,Park Hill,10,Ruskin,0
2013-10-14,St. Paul Lutheran (Concordia),3,Sacred Heart,7
2013-10-14,Smithville,3,Savannah,2
2013-10-14,Farmington,2,Sikeston,1
2013-10-14,Hazelwood East,2,Soldan International Studies,6
2013-10-14,Southwest Early College,10,Southeast,0
2013-10-14,Moberly,0,Southern Boone,6
2013-10-14,Hillcrest,5,Thomas Jefferson Independent Day,6
2013-10-14,Kirkwood,1,Trinity Catholic,0
2013-10-14,Francis Howell,5,Troy Buchanan,0
2013-10-14,Central (St. Joseph),0,St. Charles,1
2013-10-14,Ladue Horton Watkins,1,Westminster Christian Academy,0
2013-10-14,Montgomery County,1,Winfield,2
2013-10-15,Smithville,7,Benton,0
2013-10-15,Webb City,0,Branson,10
2013-10-15,Parkview,4,Camdenton,2
2013-10-15,Bishop LeBlond,6,Cameron,1
2013-10-15,Republic,1,Carthage,10
2013-10-15,Clinton,2,Center,0
2013-10-15,Notre Dame (Cape Girardeau),2,Central (Cape Girardeau),1
2013-10-15,Park Hill,3,Central (St. Joseph),0
2013-10-15,Webster Groves,3,Duchesne,2
2013-10-15,Lafayette (Wildwood),0,Eureka,5
2013-10-15,Pleasant Hill,2,Excelsior Springs,1
2013-10-15,Jackson,0,Farmington,1
2013-10-15,Grandview,0,Fort Osage,9
2013-10-15,Francis Howell North,0,Francis Howell Central,3
2013-10-15,Holt,0,Ft. Zumwalt East,2
2013-10-15,Hazelwood West,0,Ft. Zumwalt North,1
2013-10-15,Washington,0,Ft. Zumwalt South,7
2013-10-15,Timberland,4,Ft. Zumwalt West,1
2013-10-15,Southern Boone,5,Fulton,1
2013-10-15,Miller Career Academy,0,Gateway,8
2013-10-15,Cassville,2,Greenwood,5
2013-10-15,Parkway North,4,Hazelwood Central,1
2013-10-15,Principia,0,John Burroughs,0
2013-10-15,West Plains,0,Joplin,6
2013-10-15,Waynesville,0,Kickapoo,3
2013-10-15,Chillicothe,10,Lafayette (St. Joseph),0
2013-10-15,Richland,1,Laquey,10
2013-10-15,Hillcrest,0,Lebanon,8
2013-10-15,Blue Springs,0,Lee's Summit,8
2013-10-15,Liberty,0,Lee's Summit North,5
2013-10-15,Fox,5,Lindbergh,1
2013-10-15,Marshfield,0,Logan-Rogersville,5
2013-10-15,Savannah,1,Lutheran (Kansas City),2
2013-10-15,Northwest (Cedar Hill),0,Marquette,3
2013-10-15,Boonville,2,Marshall,4
2013-10-15,Maplewood-Richmond Hts.,1,McCluer North,7
2013-10-15,Kirksville,0,Mexico,3
2013-10-15,Hannibal,2,Moberly,0
2013-10-15,Lift for Life Academy Charter,0,North Technical,3
2013-10-15,Harrisonville,8,Oak Grove,0
2013-10-15,Staley,4,Oak Park,3
2013-10-15,Neosho,2,Ozark,1
2013-10-15,Union,2,Pacific,3
2013-10-15,Rockwood Summit,1,Parkway Central,0
2013-10-15,Mehlville,2,Parkway South,0
2013-10-15,Lee's Summit West,9,Pembroke Hill,2
2013-10-15,Kearney,9,Platte County,1
2013-10-15,Lutheran South,0,Priory,1
2013-10-15,Belton,1,Raytown,2
2013-10-15,Savannah,3,Raytown South,0
2013-10-15,Glendale,2,Rolla,5
2013-10-15,Waynesville,4,Roosevelt,3
2013-10-15,Nixa,1,Springfield Catholic,4
2013-10-15,Warrenton,1,St. Charles West,5
2013-10-15,Webb City,0,St. Clair,1
2013-10-15,St. Dominic,2,St. Francis Borgia,0
2013-10-15,Cole Camp,2,Willard,1
2013-10-15,Barstow,2,Summit Christian Academy,0
2013-10-15,Aurora,9,Thomas Jefferson Independent Day,2
2013-10-15,Barat Academy,3,Valley Park,2
2013-10-15,Lutheran St. Charles,1,Veritas Christian Academy,2
2013-10-15,SLUH,0,Vianney,1
2013-10-15,O'Hara,3,Warrensburg,5
2013-10-15,Lutheran North,2,Westminster Christian Academy,9
2013-10-15,North Kansas City,2,William Chrisman,1
2013-10-15,Canton,11,Winfield,5
2013-10-15,Liberty North,1,Winnetonka,0
2013-10-16,Webster Groves,4,Affton,0
2013-10-16,Windsor (Imperial),1,Bishop DuBourg,2
2013-10-16,Vianney,2,Chaminade College Prep,0
2013-10-16,De Smet Jesuit,1,Christian Brothers College,2
2013-10-16,Kirkwood,3,Clayton,1
2013-10-16,Valley Park,0,Crossroads College Preparatory,7
2013-10-16,Ft. Zumwalt North,1,Fox,7
2013-10-16,Pattonville,2,Hazelwood Central,1
2013-10-16,Hazelwood West,8,Hazelwood East,0
2013-10-16,Central (Cape Girardeau),0,Jackson,5
2013-10-16,Smithville,11,Lafayette (St. Joseph),1
2013-10-16,Elsberry,1,Lutheran St. Charles,7
2013-10-16,Trinity Catholic,1,Oakville,1
2013-10-16,Ruskin,0,Park Hill South,10
2013-10-16,Troy Buchanan,0,Parkway Central,1
2013-10-16,Ritenour,3,St. Charles,1
2013-10-16,Bayless,3,St. Pius X (Festus),0
2013-10-16,Park Hill,3,St. Charles,0
2013-10-16,Seckman,10,University City,1
2013-10-16,Warrenton,0,Washington,2
2013-10-16,Lutheran South,0,Whitfield,3
2013-10-16,Van Horn,4,William Chrisman,0
2013-10-17,Fair Grove,4,Aurora,1
2013-10-17,Lafayette (St. Joseph),1,Bishop LeBlond,5
2013-10-17,Webb City,0,Bolivar,10
2013-10-17,Moberly,1,Boonville,3
2013-10-17,Clayton,2,Brentwood,0
2013-10-17,Jefferson City,7,Camdenton,2
2013-10-17,Savannah,0,Cameron,1
2013-10-17,Montgomery County,0,Canton,8
2013-10-17,Logan-Rogersville,2,Central (Springfield),3
2013-10-17,Raytown South,2,Central (St. Joseph),1
2013-10-17,Warrensburg,4,Clinton,1
2013-10-17,Crocker,0,Dixon,3
2013-10-17,Maryville,2,East (Kansas City),3
2013-10-17,Winfield,2,Elsberry,3
2013-10-17,Battle,0,Fatima,2
2013-10-17,Perryville,2,Fox,0
2013-10-17,St. Charles West,0,Francis Howell Central,3
2013-10-17,Ft. Zumwalt South,1,Francis Howell North,2
2013-10-17,Ft. Zumwalt North,2,Ft. Zumwalt East,1
2013-10-17,Holt,2,Ft. Zumwalt West,3
2013-10-17,Nixa,1,Glendale,3
2013-10-17,Lift for Life Academy Charter,0,Hancock,6
2013-10-17,Mexico,0,Hannibal,1
2013-10-17,Grain Valley,1,Harrisonville,3
2013-10-17,McCluer North,4,Hazelwood West,0
2013-10-17,Marshall,0,Helias Catholic,3
2013-10-17,Republic,10,Hillcrest,0
2013-10-17,Excelsior Springs,7,Holden,3
2013-10-17,Ozark,0,Joplin,4
2013-10-17,Grandview,0,Kearney,11
2013-10-17,Fulton,2,Kirksville,1
2013-10-17,Seckman,0,Kirkwood,3
2013-10-17,University City,0,Ladue Horton Watkins,10
2013-10-17,Parkway South,1,Lafayette (Wildwood),4
2013-10-17,Lutheran South,3,Lutheran North,1
2013-10-17,Trinity Catholic,4,Lutheran St. Charles,2
2013-10-17,Monett,8,Marshfield,2
2013-10-17,Pattonville,5,McCluer,3
2013-10-17,Marquette,3,Mehlville,0
2013-10-17,Oak Park,3,North Kansas City,0
2013-10-17,Southeast,3,Northeast (Kansas City),9
2013-10-17,Eureka,1,Oakville,0
2013-10-17,Laquey,4,Osage,0
2013-10-17,Blue Springs South,1,Park Hill,4
2013-10-17,Webster Groves,2,Parkway North,0
2013-10-17,Liberty North,2,Platte County,0
2013-10-17,Savannah,1,Pleasant Hill,2
2013-10-17,West Plains,0,Poplar Bluff,7
2013-10-17,Priory,1,Principia,0
2013-10-17,Fort Osage,2,Raytown,1
2013-10-17,Parkway West,1,Rockwood Summit,0
2013-10-17,St. Charles,10,Ruskin,0
2013-10-17,Willard,1,Sacred Heart,9
2013-10-17,Central (Cape Girardeau),0,Sikeston,1
2013-10-17,Cole Camp,4,Smithton,2
2013-10-17,Chillicothe,1,Smithville,4
2013-10-17,Bishop DuBourg,0,St. Francis Borgia,5
2013-10-17,St. Dominic,4,Webster Groves,0
2013-10-17,Barstow,1,St. Paul Lutheran (Concordia),2
2013-10-17,Center,1,St. Pius X (Kansas City),4
2013-10-17,Belton,0,Staley,1
2013-10-17,St. Clair,0,Union,4
2013-10-17,Winnetonka,0,Van Horn,1
2013-10-17,North Technical,0,Veritas Christian Academy,6
2013-10-17,Rock Bridge,8,Waynesville,2
2013-10-17,MICDS,2,Westminster Christian Academy,1
2013-10-17,Branson,2,Willard,3
2013-10-18,Hancock,0,Bayless,10
2013-10-18,Valley Park,0,Brentwood,1
2013-10-18,Green Ridge,0,Cole Camp,2
2013-10-18,Dixon,1,Fatima,4
2013-10-18,Trinity Catholic,2,Hazelwood Central,1
2013-10-18,De Smet Jesuit,3,Hazelwood East,0
2013-10-18,Francis Howell,3,Hickman,0
2013-10-18,Smithton,3,Holden,7
2013-10-18,Chaminade College Prep,2,Jefferson City,1
2013-10-18,Rockhurst,5,Kickapoo,2
2013-10-18,Parkway North,1,Lindbergh,0
2013-10-18,Francis Howell Central,0,Marquette,7
2013-10-18,Springfield Catholic,1,Mehlville,0
2013-10-18,Willard,1,Osage,0
2013-10-18,Eureka,4,Parkway West,1
2013-10-18,McCluer North,2,St. Charles West,3
2013-10-18,Timberland,1,Union,0
2013-10-19,Montgomery County,0,Chillicothe,7
2013-10-19,Mexico,1,Chillicothe,3
2013-10-19,Rockhurst,1,Christian Brothers College,0
2013-10-19,Willard,1,Cole Camp,0
2013-10-19,SLUH,0,De Smet Jesuit,1
2013-10-19,Mexico,5,Elsberry,2
2013-10-19,Montgomery County,1,Elsberry,5
2013-10-19,Troy Buchanan,2,Ft. Zumwalt West,0
2013-10-19,Smithton,0,Green Ridge,1
2013-10-19,Mehlville,4,Hickman,0
2013-10-19,Cole Camp,0,Holden,1
2013-10-19,Kickapoo,0,Jefferson City,1
2013-10-19,Willard,1,Jefferson City,2
2013-10-19,Holden,3,Jefferson City,0
2013-10-19,Smithton,0,Osage,2
2013-10-19,Lutheran North,0,Ritenour,2
2013-10-19,Springfield Catholic,0,Rock Bridge,6
2013-10-19,Jackson,1,Rockwood Summit,2
2013-10-19,MICDS,0,Rolla,6
2013-10-19,Washington,0,St. Francis Borgia,3
2013-10-21,McCluer,0,Affton,6
2013-10-21,Crossroads College Preparatory,2,Bayless,5
2013-10-21,St. Clair,4,Belle,3
2013-10-21,Raytown,0,Belton,1
2013-10-21,Lutheran St. Charles,0,Bishop DuBourg,3
2013-10-21,Blue Springs South,3,Blue Springs,0
2013-10-21,Guadalupe Centers Charter,4,Cameron,6
2013-10-21,Joplin,2,Carl Junction,0
2013-10-21,Brentwood,4,Cleveland NJROTC,0
2013-10-21,Sacred Heart,7,Cole Camp,0
2013-10-21,East (Kansas City),2,Cristo Rey,4
2013-10-21,Veritas Christian Academy,0,Duchesne,1
2013-10-21,St. Charles,1,Elsberry,0
2013-10-21,Fox,4,Eureka,1
2013-10-21,Thomas Jefferson Independent Day,1,Fair Grove,7
2013-10-21,Lafayette (Wildwood),0,Ft. Zumwalt East,1
2013-10-21,Central (St. Joseph),7,Grandview,0
2013-10-21,St. Paul Lutheran (Concordia),3,Green Ridge,1
2013-10-21,Republic,0,Greenwood,2
2013-10-21,Excelsior Springs,1,Harrisonville,5
2013-10-21,Fatima,4,Jefferson City,1
2013-10-21,Marshall,1,Kirksville,0
2013-10-21,St. Charles,0,Lee's Summit West,5
2013-10-21,Kearney,6,Liberty North,1
2013-10-21,Lutheran (Kansas City),4,Lincoln College Prep,3
2013-10-21,Willard,1,Logan-Rogersville,0
2013-10-21,Ladue Horton Watkins,5,Lutheran North,0
2013-10-21,Central (Springfield),1,Marshfield,0
2013-10-21,Bishop LeBlond,2,Maryville,3
2013-10-21,Southern Boone,8,Missouri Military Academy,0
2013-10-21,Warrensburg,2,Moberly,1
2013-10-21,William Chrisman,0,North Kansas City,4
2013-10-21,Ft. Zumwalt North,4,Pacific,1
2013-10-21,Park Hill,3,Park Hill South,2
2013-10-21,St. Charles West,2,Parkway North,3
2013-10-21,O'Hara,0,Pleasant Hill,1
2013-10-21,Farmington,1,Poplar Bluff,2
2013-10-21,Liberty,0,Raymore-Peculiar,2
2013-10-21,Fort Osage,1,Raytown South,2
2013-10-21,Soldan International Studies,0,Ritenour,1
2013-10-21,Clinton,0,Savannah,4
2013-10-21,Platte County,0,Smithville,7
2013-10-21,Veritas Christian Academy,3,St. Charles,3
2013-10-21,St. Francis Borgia,0,Webster Groves,3
2013-10-21,Hillsboro,1,St. Pius X (Festus),3
2013-10-21,Oak Park,0,Staley,1
2013-10-21,Ft. Zumwalt South,1,Timberland,2
2013-10-21,John F. Kennedy,1,Trinity Catholic,3
2013-10-21,Summit Christian Academy,1,Van Horn,0
2013-10-21,Montgomery County,0,Warrenton,7
2013-10-21,Camdenton,1,Waynesville,5
2013-10-21,Kirkwood,2,Webster Groves,1
2013-10-21,Pattonville,1,Westminster Christian Academy,2
2013-10-22,Ladue Horton Watkins,1,Affton,2
2013-10-22,Bishop DuBourg,1,Bayless,0
2013-10-22,Nixa,0,Bolivar,1
2013-10-22,Cole Camp,0,Boonville,5
2013-10-22,Glendale,3,Branson,2
2013-10-22,Central (Springfield),4,Branson,3
2013-10-22,Rolla,3,Camdenton,0
2013-10-22,Soldan International Studies,10,Carnahan,0
2013-10-22,Carl Junction,0,Carthage,3
2013-10-22,Ruskin,0,Central (St. Joseph),10
2013-10-22,Maryville,1,Chillicothe,7
2013-10-22,Oakville,1,Christian Brothers College,0
2013-10-22,Priory,2,Clayton,1
2013-10-22,Roosevelt,0,Cleveland NJROTC,7
2013-10-22,Pleasant Hill,2,Clinton,0
2013-10-22,Laquey,7,Crocker,3
2013-10-22,Belle,0,Dixon,1
2013-10-22,Southeast,0,East (Kansas City),10
2013-10-22,Ft. Zumwalt West,3,Francis Howell Central,2
2013-10-22,Francis Howell,2,Francis Howell North,0
2013-10-22,Ft. Zumwalt North,0,Ft. Zumwalt South,1
2013-10-22,Hannibal,4,Fulton,2
2013-10-22,Lutheran North,3,Hancock,4
2013-10-22,West Plains,0,Kickapoo,10
2013-10-22,St. Pius X (Kansas City),5,Lafayette (St. Joseph),1
2013-10-22,Mehlville,1,Lafayette (Wildwood),2
2013-10-22,Lee's Summit North,1,Lee's Summit,0
2013-10-22,Valley Park,1,Maplewood-Richmond Hts.,2
2013-10-22,Parkway Central,0,Marquette,8
2013-10-22,Moberly,0,Mexico,2
2013-10-22,SLUH,5,MICDS,1
2013-10-22,Waynesville,5,Miller Career Academy,3
2013-10-22,Webb City,2,Monett,6
2013-10-22,Willard,1,Neosho,3
2013-10-22,Staley,0,North Kansas City,2
2013-10-22,Fort Osage,6,Oak Park,1
2013-10-22,Lee's Summit West,7,Park Hill South,0
2013-10-22,Lebanon,3,Parkview,4
2013-10-22,Parkway West,4,Parkway South,1
2013-10-22,Belton,1,Platte County,0
2013-10-22,Osage,0,Richland,1
2013-10-22,Jefferson City,0,Rock Bridge,1
2013-10-22,Northwest (Cedar Hill),0,Seckman,1
2013-10-22,Pembroke Hill,2,Smithville,4
2013-10-22,Winfield,0,St. Charles West,10
2013-10-22,Pacific,4,St. Clair,0
2013-10-22,Duchesne,2,St. Dominic,3
2013-10-22,Union,5,Webb City,1
2013-10-22,Ft. Zumwalt East,0,Timberland,3
2013-10-22,McCluer North,2,Trinity Catholic,0
2013-10-22,North Technical,2,University City,6
2013-10-22,Rockwood Summit,10,University City,0
2013-10-22,Brentwood,0,Veritas Christian Academy,3
2013-10-22,De Smet Jesuit,0,Vianney,2
2013-10-22,Center,0,Warrensburg,5
2013-10-22,St. Charles,2,Warrenton,1
2013-10-22,Holt,1,Washington,0
2013-10-22,Springfield Catholic,1,Waynesville,0
2013-10-22,John Burroughs,4,Westminster Christian Academy,1
2013-10-22,Principia,2,Whitfield,1
2013-10-22,Raytown,2,William Chrisman,1
2013-10-23,MICDS,3,Barat Academy,1
2013-10-23,St. Charles,0,Blue Springs,1
2013-10-23,Liberty,0,Blue Springs South,5
2013-10-23,Farmington,2,Central (Cape Girardeau),1
2013-10-23,Hillcrest,0,Central (Springfield),9
2013-10-23,Windsor (Imperial),1,Fox,3
2013-10-23,Harrisonville,6,Grain Valley,7
2013-10-23,Cristo Rey,3,Guadalupe Centers Charter,0
2013-10-23,Notre Dame (Cape Girardeau),3,Jackson,0
2013-10-23,St. Pius X (Kansas City),5,Lafayette (St. Joseph),1
2013-10-23,Webb City,1,Lutheran South,11
2013-10-23,Hazelwood East,0,McCluer,4
2013-10-23,Winfield,5,North County,3
2013-10-23,Grandview,0,North Kansas City,5
2013-10-23,Savannah,4,O'Hara,0
2013-10-23,Logan-Rogersville,2,Ozark,3
2013-10-23,McCluer North,2,Pattonville,0
2013-10-23,Raytown South,3,Platte County,1
2013-10-23,Park Hill,0,Rockhurst,2
2013-10-23,Willard,0,Southern Boone,7
2013-10-23,St. Clair,0,St. Charles,2
2013-10-23,Lutheran St. Charles,1,Webster Groves,3
2013-10-23,Perryville,2,St. Pius X (Festus),1
2013-10-23,Liberty North,6,Summit Christian Academy,1
2013-10-23,Oak Grove,0,Van Horn,6
2013-10-23,Trinity Catholic,0,Veritas Christian Academy,1
2013-10-23,Lindbergh,2,Webster Groves,3
2013-10-24,Bishop DuBourg,0,Affton,4
2013-10-24,Warrenton,3,Barat Academy,2
2013-10-24,Camdenton,2,Battle,3
2013-10-24,Maplewood-Richmond Hts.,0,Bayless,2
2013-10-24,John F. Kennedy,4,Brentwood,0
2013-10-24,Aurora,0,Carl Junction,10
2013-10-24,Savannah,2,Center,0
2013-10-24,St. Dominic,1,Chaminade College Prep,0
2013-10-24,Lebanon,2,Dixon,0
2013-10-24,Guadalupe Centers Charter,1,East (Kansas City),7
2013-10-24,Belton,0,Fort Osage,4
2013-10-24,Oakville,2,Fox,0
2013-10-24,Holt,1,Francis Howell,6
2013-10-24,Ft. Zumwalt West,0,Francis Howell North,3
2013-10-24,St. Charles,1,Ft. Zumwalt North,2
2013-10-24,Holden,0,Grain Valley,7
2013-10-24,Southern Boone,2,Jefferson City,1
2013-10-24,Carthage,1,Joplin,0
2013-10-24,Rolla,3,Kickapoo,2
2013-10-24,Canton,4,Kirksville,0
2013-10-24,Vianney,3,Kirkwood,1
2013-10-24,Parkway Central,1,Ladue Horton Watkins,2
2013-10-24,Maryville,5,Lafayette (St. Joseph),1
2013-10-24,Pattonville,0,Lafayette (Wildwood),5
2013-10-24,Iberia,0,Laquey,10
2013-10-24,Park Hill,3,Liberty,1
2013-10-24,Liberty North,4,Lincoln College Prep,1
2013-10-24,Summit Christian Academy,4,Lutheran (Kansas City),2
2013-10-24,John Burroughs,4,Lutheran North,0
2013-10-24,Hillcrest,0,Marshfield,5
2013-10-24,Ritenour,3,McCluer,2
2013-10-24,Boonville,2,Mexico,4
2013-10-24,Smithton,2,Missouri Military Academy,5
2013-10-24,Fulton,3,Moberly,4
2013-10-24,Branson,1,Nixa,3
2013-10-24,McCluer North,7,North Technical,1
2013-10-24,Raytown,0,Oak Park,6
2013-10-24,Harrisonville,5,O'Hara,0
2013-10-24,Glendale,2,Parkview,0
2013-10-24,Parkway North,1,Parkway West,3
2013-10-24,Windsor (Imperial),0,Perryville,3
2013-10-24,Excelsior Springs,1,Pleasant Hill,0
2013-10-24,Lutheran South,0,Principia,1
2013-10-24,De Smet Jesuit,3,Priory,1
2013-10-24,Rockhurst,3,Raymore-Peculiar,0
2013-10-24,Bolivar,5,Republic,1
2013-10-24,University City,0,Rockwood Summit,10
2013-10-24,Hazelwood East,6,Roosevelt,0
2013-10-24,Barstow,0,Sacred Heart,3
2013-10-24,Chillicothe,3,Savannah,2
2013-10-24,Cristo Rey,7,Southwest Early College,1
2013-10-24,St. Charles West,1,St. Charles,0
2013-10-24,Cole Camp,0,St. Paul Lutheran (Concordia),6
2013-10-24,William Chrisman,1,Staley,2
2013-10-24,St. Clair,1,Webb City,2
2013-10-24,Valley Park,1,The Fulton School,5
2013-10-24,Timberland,1,Troy Buchanan,2
2013-10-24,Pacific,1,Union,2
2013-10-24,St. Charles,2,Van Horn,1
2013-10-24,Westminster Christian Academy,2,Veritas Christian Academy,1
2013-10-24,Ft. Zumwalt East,2,Washington,1
2013-10-24,Ozark,5,West Plains,2
2013-10-24,Springfield Catholic,0,Willard,1
2013-10-24,Lutheran St. Charles,7,Winfield,1
2013-10-24,Raytown South,4,Winnetonka,0
2013-10-25,Smithville,0,Carthage,2
2013-10-25,Parkway South,1,Francis Howell,3
2013-10-25,Rock Bridge,4,Francis Howell Central,1
2013-10-25,Parkway Central,2,Hickman,1
2013-10-25,Summit Christian Academy,2,Lincoln College Prep,2
2013-10-25,Eureka,1,Lindbergh,0
2013-10-25,Aurora,1,Logan-Rogersville,11
2013-10-25,Liberty North,5,Lutheran (Kansas City),0
2013-10-25,Trinity Catholic,0,McCluer North,2
2013-10-25,West Plains,2,Osage,3
2013-10-25,Whitfield,0,Priory,1
2013-10-25,Lee's Summit,4,Raymore-Peculiar,0
2013-10-25,Crocker,5,Richland,4
2013-10-25,Helias Catholic,2,Springfield Catholic,0
2013-10-25,Fatima,0,Willard,1
2013-10-25,Battle,3,Waynesville,4
2013-10-26,Parkway Central,2,Blue Springs South,0
2013-10-26,Helias Catholic,2,Carthage,1
2013-10-26,Vianney,2,Christian Brothers College,1
2013-10-26,Hickman,0,Francis Howell Central,2
2013-10-26,St. Dominic,5,Ft. Zumwalt West,0
2013-10-26,Hannibal,0,Marshall,1
2013-10-26,East (Kansas City),11,Northeast (Kansas City),1
2013-10-26,Bayless,2,Notre Dame (Cape Girardeau),1
2013-10-26,Francis Howell,3,Parkway South,1
2013-10-26,Blue Springs South,0,Rock Bridge,3
2013-10-26,Battle,1,Rolla,7
2013-10-26,Clinton,0,Sacred Heart,3
2013-10-26,Chaminade College Prep,2,SLUH,1
2013-10-26,Smithville,0,Springfield Catholic,1
2013-10-26,Duchesne,2,St. Francis Borgia,1
2013-10-28,Raymore-Peculiar,2,Belton,1
2013-10-28,Lee's Summit North,4,Blue Springs South,1
2013-10-28,Christian Brothers College,2,Central (Cape Girardeau),0
2013-10-28,Benton,1,Chillicothe,9
2013-10-28,Whitfield,0,Clayton,1
2013-10-28,Camdenton,5,Crocker,1
2013-10-28,Lutheran St. Charles,4,Elsberry,0
2013-10-28,Willard,0,Fair Grove,6
2013-10-28,Union,1,Fatima,5
2013-10-28,De Smet Jesuit,3,Francis Howell North,1
2013-10-28,Lafayette (Wildwood),2,Ft. Zumwalt West,3
2013-10-28,Willard,2,Greenwood,1
2013-10-28,Smithville,4,Harrisonville,3
2013-10-28,Troy Buchanan,6,Hazelwood West,1
2013-10-28,Glendale,10,Hillcrest,0
2013-10-28,Ft. Zumwalt North,0,Holt,2
2013-10-28,Perryville,1,Jackson,2
2013-10-28,Waynesville,0,Jefferson City,3
2013-10-28,Southern Boone,8,Kirksville,0
2013-10-28,Marshfield,1,Lebanon,3
2013-10-28,Central (St. Joseph),0,Lee's Summit West,6
2013-10-28,Lee's Summit,3,Liberty,1
2013-10-28,East (Kansas City),3,Lincoln College Prep,2
2013-10-28,Sacred Heart,3,Lutheran (Kansas City),2
2013-10-28,Brentwood,4,McCluer,5
2013-10-28,Duchesne,2,McCluer North,1
2013-10-28,Missouri Military Academy,7,Montgomery County,0
2013-10-28,Joplin,2,Nixa,0
2013-10-28,Webb City,0,Northwest (Cedar Hill),12
2013-10-28,St. Pius X (Kansas City),5,O'Hara,2
2013-10-28,Oak Park,2,Park Hill,3
2013-10-28,Affton,1,Parkway Central,2
2013-10-28,SLUH,4,Parkway South,0
2013-10-28,Eureka,4,Pattonville,1
2013-10-28,Maryville,3,Savannah,2
2013-10-28,Poplar Bluff,2,Sikeston,1
2013-10-28,Northeast (Kansas City),7,Southwest Early College,1
2013-10-28,Barat Academy,3,The Fulton School,6
2013-10-28,Bishop DuBourg,0,Trinity Catholic,3
2013-10-28,Park Hill South,6,St. Charles,2
2013-10-28,Lutheran South,0,Webster Groves,2
2013-10-28,John F. Kennedy,0,Westminster Christian Academy,1
2013-10-28,Festus,3,Winfield,4
2013-10-28,Platte County,0,Winnetonka,3
2013-10-29,Veritas Christian Academy,1,Barat Academy,0
2013-10-29,North Kansas City,3,Belton,0
2013-10-29,Osage,0,Bolivar,4
2013-10-29,Kirksville,0,Boonville,2
2013-10-29,Central (Springfield),4,Branson,3
2013-10-29,Raytown,2,Central (St. Joseph),1
2013-10-29,St. Pius X (Kansas City),3,Clinton,0
2013-10-29,Oak Grove,0,Excelsior Springs,1
2013-10-29,Staley,1,Fort Osage,0
2013-10-29,Ft. Zumwalt South,2,Ft. Zumwalt East,0
2013-10-29,Mexico,3,Fulton,2
2013-10-29,Platte County,2,Grandview,1
2013-10-29,Barstow,2,Guadalupe Centers Charter,3
2013-10-29,Camdenton,1,Hickman,2
2013-10-29,Smithton,7,Holden,5
2013-10-29,Francis Howell North,4,Holt,0
2013-10-29,Ladue Horton Watkins,3,Kirkwood,1
2013-10-29,Lutheran (Kansas City),3,Lafayette (St. Joseph),2
2013-10-29,Rockhurst,3,Lee's Summit North,2
2013-10-29,Lindbergh,2,Lutheran South,0
2013-10-29,Parkway North,0,Marquette,9
2013-10-29,Moberly,0,Marshall,1
2013-10-29,McCluer,5,North Technical,1
2013-10-29,Neosho,1,Parkview,3
2013-10-29,University City,0,Parkway West,10
2013-10-29,Notre Dame (Cape Girardeau),1,Poplar Bluff,0
2013-10-29,Lutheran North,0,Principia,6
2013-10-29,John Burroughs,1,Priory,0
2013-10-29,Kearney,7,Raytown South,1
2013-10-29,Joplin,0,Rolla,1
2013-10-29,Winnetonka,10,Ruskin,0
2013-10-29,Parkway Central,0,Seckman,2
2013-10-29,Warrensburg,2,Savannah,3
2013-10-29,Bishop LeBlond,1,Smithville,3
2013-10-29,Trinity Catholic,0,St. Dominic,3
2013-10-29,John F. Kennedy,1,St. Francis Borgia,4
2013-10-29,Cole Camp,0,St. Paul Lutheran (Concordia),6
2013-10-29,Washington,0,Timberland,6
2013-10-29,Crossroads College Preparatory,4,Valley Park,0
2013-10-29,Grain Valley,2,Van Horn,1
2013-10-29,Union,2,Warrenton,1
2013-10-29,Ozark,1,Waynesville,2
2013-10-29,Republic,5,Webb City,0
2013-10-29,Northwest (Cedar Hill),7,Windsor (Imperial),2
2013-10-29,St. Charles,3,Winfield,0
2013-10-30,Raymore-Peculiar,3,Blue Springs,4
2013-10-30,Glendale,2,Camdenton,0
2013-10-30,Ft. Zumwalt South,1,Christian Brothers College,4
2013-10-30,Bayless,0,Crossroads College Preparatory,3
2013-10-30,Northeast (Kansas City),0,East (Kansas City),6
2013-10-30,Oakville,1,Francis Howell Central,2
2013-10-30,McCluer,0,Ft. Zumwalt North,5
2013-10-30,Parkway West,0,Ft. Zumwalt West,2
2013-10-30,Francis Howell,3,Lafayette (Wildwood),0
2013-10-30,Blue Springs South,1,Lee's Summit,2
2013-10-30,Southwest Early College,0,Lincoln College Prep,10
2013-10-30,Eureka,1,Lindbergh,0
2013-10-30,Webster Groves,7,Lutheran St. Charles,1
2013-10-30,Webster Groves,2,Mehlville,1
2013-10-30,St. Charles West,3,Pattonville,2
2013-10-30,Staley,3,Raytown,0
2013-10-30,Platte County,2,Raytown South,3
2013-10-30,Lindbergh,1,Rockwood Summit,2
2013-10-30,Lee's Summit West,10,Ruskin,0
2013-10-30,Fox,2,Seckman,1
2013-10-30,Affton,3,St. Pius X (Festus),1
2013-10-30,Ft. Zumwalt East,1,Troy Buchanan,2
2013-10-30,Windsor (Imperial),0,Union,3
2013-10-30,Ritenour,6,University City,0
2013-10-30,St. Clair,2,Valley Park,1
2013-10-30,Summit Christian Academy,1,Van Horn,0
2013-10-30,St. Francis Borgia,2,Veritas Christian Academy,0
2013-10-30,Belton,3,William Chrisman,0
2013-10-31,Southwest Early College,0,East (Kansas City),10
2013-10-31,Parkview,3,Greenwood,4
2013-10-31,Winnetonka,1,Kearney,3
2013-10-31,Center,4,Lutheran (Kansas City),3
2013-10-31,Mexico,0,Moberly,3
2013-10-31,Fort Osage,2,North Kansas City,1
2013-10-31,Lincoln College Prep,10,Northeast (Kansas City),0
2013-10-31,Grain Valley,4,Oak Grove,0
2013-10-31,Central (Springfield),6,Ozark,0
2013-10-31,Oak Park,0,Park Hill South,3
2013-10-31,Raytown South,3,Platte County,2
2013-10-31,Lee's Summit North,5,Raymore-Peculiar,1
2013-10-31,Pattonville,1,Timberland,6
2013-10-31,Francis Howell,0,Vianney,2
2013-11-01,Liberty North,5,Grandview,0
2013-11-01,John F. Kennedy,0,Ladue Horton Watkins,1
2013-11-01,Grain Valley,4,Oak Grove,0
2013-11-01,Iberia,3,Willard,7
2013-11-01,Thomas Jefferson Independent Day,0,Webb City,7
2013-11-02,St. Pius X (Festus),6,Fredericktown,0
2013-11-02,Brentwood,3,Maplewood-Richmond Hts.,0
2013-11-02,Trinity Catholic,10,North Technical,0
2013-11-02,Whitfield,1,Lutheran North,0
2013-11-02,Fulton,6,Montgomery County,1
2013-11-02,Webster Groves,1,Roosevelt,0
2013-11-02,Gateway,10,Waynesville,0
2013-11-02,St. Charles West,2,St. Charles,1
2013-11-02,St. Clair,1,Webb City,0
2013-11-02,West Plains,10,Hillcrest,0
2013-11-02,Van Horn,5,Northeast (Kansas City),1
2013-11-02,Savannah,2,Lafayette (St. Joseph),0
2013-11-02,Hazelwood West,2,Hazelwood Central,3
2013-11-02,Mehlville,1,Lindbergh,2
2013-11-02,Lafayette (Wildwood),2,Parkway South,0
2013-11-02,McCluer,3,Hazelwood East,1
2013-11-02,Oak Park,2,Central (St. Joseph),1
2013-11-02,Pattonville,1,Timberland,6
2013-11-04,John Burroughs,9,Brentwood,0
2013-11-04,Crossroads College Preparatory,1,Soldan International Studies,0
2013-11-04,The Fulton School,1,Valley Park,2
2013-11-04,Elsberry,3,Winfield,2
2013-11-04,Laquey,10,Richland,0
2013-11-04,Osage,3,Crocker,2
2013-11-04,Green Ridge,1,Smithton,2
2013-11-04,Greenwood,6,Fair Grove,1
2013-11-04,Aurora,6,Thomas Jefferson Independent Day,2
2013-11-04,Barstow,3,Summit Christian Academy,0
2013-11-04,Lutheran (Kansas City),1,O'Hara,2
2013-11-04,Maryville,3,Cameron,1
2013-11-04,Sikeston,2,Central (Cape Girardeau),0
2013-11-04,Windsor (Imperial),0,Hillsboro,1
2013-11-04,Affton,3,Bishop DuBourg,0
2013-11-04,Lutheran South,1,Pacific,0
2013-11-04,Mexico,4,Kirksville,0
2013-11-04,St. Francis Borgia,4,St. Clair,1
2013-11-04,Union,3,Warrenton,0
2013-11-04,Battle,1,Marshfield,2
2013-11-04,Willard,5,West Plains,1
2013-11-04,Logan-Rogersville,3,Republic,2
2013-11-04,Pleasant Hill,2,Oak Grove,1
2013-11-04,Grandview,7,Southwest Early College,2
2013-11-04,Liberty North,6,Van Horn,0
2013-11-04,Kearney,0,Excelsior Springs,1
2013-11-04,Fox,2,Poplar Bluff,0
2013-11-04,Timberland,5,Washington,0
2013-11-04,Holt,2,Troy Buchanan,3
2013-11-04,Ft. Zumwalt North,0,Francis Howell Central,3
2013-11-04,McCluer North,3,Hazelwood Central,2
2013-11-04,Francis Howell North,4,Pattonville,1
2013-11-04,Eureka,1,Lafayette (Wildwood),0
2013-11-04,Northwest (Cedar Hill),1,Rockwood Summit,0
2013-11-04,Jefferson City,4,Lebanon,0
2013-11-04,Waynesville,10,Camdenton,0
2013-11-04,Belton,10,Ruskin,0
2013-11-04,Winnetonka,1,William Chrisman,3
2013-11-05,Lift for Life Academy Charter,0,Carnahan,2
2013-11-05,Lutheran St. Charles,7,Elsberry,2
2013-11-05,Veritas Christian Academy,2,Canton,0
2013-11-05,Southern Boone,3,Fulton,0
2013-11-05,Missouri Military Academy,1,Boonville,2
2013-11-05,Dixon,4,Belle,0
2013-11-05,Monett,9,Aurora,2
2013-11-05,Clinton,3,Holden,1
2013-11-05,Pembroke Hill,6,Guadalupe Centers Charter,0
2013-11-05,Cristo Rey,4,Lincoln College Prep,2
2013-11-05,St. Pius X (Kansas City),6,Maryville,0
2013-11-05,Chillicothe,2,Bishop LeBlond,1
2013-11-05,Perryville,2,Sikeston,1
2013-11-05,Farmington,0,Notre Dame (Cape Girardeau),4
2013-11-05,Webster Groves,3,Gateway,1
2013-11-05,Ladue Horton Watkins,10,University City,0
2013-11-05,Clayton,1,MICDS,0
2013-11-05,Priory,3,Westminster Christian Academy,1
2013-11-05,Parkway West,2,Parkway Central,1
2013-11-05,St. Dominic,4,St. Charles West,0
2013-11-05,Duchesne,3,Ft. Zumwalt East,2
2013-11-05,Hannibal,1,Mexico,0
2013-11-05,Marshall,2,Moberly,0
2013-11-05,St. Francis Borgia,2,Union,3
2013-11-05,Carthage,8,Webb City,0
2013-11-05,Carl Junction,3,Neosho,0
2013-11-05,Harrisonville,2,Pleasant Hill,1
2013-11-05,Grain Valley,0,Warrensburg,1
2013-11-05,East (Kansas City),8,Grandview,2
2013-11-05,Raytown South,2,Center,1
2013-11-05,Smithville,7,Savannah,0
2013-11-05,Platte County,2,Benton,1
2013-11-05,Oakville,0,Fox,1
2013-11-05,Seckman,3,Jackson,0
2013-11-05,Francis Howell,0,Francis Howell Central,1
2013-11-05,Ft. Zumwalt South,3,Ft. Zumwalt West,1
2013-11-05,Vianney,3,Lindbergh,1
2013-11-05,Kirkwood,3,Webster Groves,0
2013-11-05,Marquette,7,Parkway North,0
2013-11-05,Christian Brothers College,2,De Smet Jesuit,1
2013-11-05,Chaminade College Prep,6,McCluer,0
2013-11-05,SLUH,2,Ritenour,0
2013-11-05,Rock Bridge,4,Savannah,2
2013-11-05,Hickman,1,Blue Springs South,0
2013-11-05,Glendale,2,Ozark,0
2013-11-05,Nixa,3,Branson,0
2013-11-05,Joplin,2,Parkview,1
2013-11-05,Kickapoo,3,Central (Springfield),1
2013-11-05,Lee's Summit West,7,Belton,0
2013-11-05,Rockhurst,3,Raymore-Peculiar,0
2013-11-05,Raytown,0,St. Charles,1
2013-11-05,Liberty,5,William Chrisman,0
2013-11-05,Fort Osage,2,North Kansas City,1
2013-11-05,Park Hill South,1,Oak Park,0
2013-11-05,Park Hill,5,Staley,6
2013-11-06,St. Pius X (Festus),7,Hancock,0
2013-11-06,Bayless,12,Carnahan,1
2013-11-06,John Burroughs,4,Crossroads College Preparatory,0
2013-11-06,Trinity Catholic,0,Whitfield,2
2013-11-06,Principia,2,Valley Park,0
2013-11-06,John F. Kennedy,5,Barat Academy,1
2013-11-06,Laquey,3,Osage,1
2013-11-06,Springfield Catholic,1,Greenwood,0
2013-11-06,Barstow,2,O'Hara,1
2013-11-06,Pembroke Hill,0,Cristo Rey,2
2013-11-06,Affton,1,Lutheran South,0
2013-11-06,Timberland,1,Troy Buchanan,0
2013-11-06,McCluer North,0,Francis Howell North,3
2013-11-06,Eureka,3,Northwest (Cedar Hill),2
2013-11-06,Lee's Summit North,2,St. Charles,0
2013-11-06,Lee's Summit,3,Blue Springs,0
2013-11-07,Lutheran St. Charles,0,Veritas Christian Academy,1
2013-11-07,Southern Boone,7,Boonville,1
2013-11-07,Sacred Heart,6,Smithton,0
2013-11-07,Cole Camp,2,Willard,1
2013-11-07,St. Paul Lutheran (Concordia),2,Clinton,1
2013-11-07,St. Pius X (Kansas City),3,Chillicothe,1
2013-11-07,Perryville,1,Notre Dame (Cape Girardeau),0
2013-11-07,Ladue Horton Watkins,2,Clayton,0
2013-11-07,Priory,1,Parkway West,2
2013-11-07,St. Dominic,3,Duchesne,0
2013-11-07,Hannibal,3,Marshall,1
2013-11-07,Rolla,10,Marshfield,0
2013-11-07,Helias Catholic,2,Bolivar,0
2013-11-07,Willard,4,Logan-Rogersville,1
2013-11-07,Carthage,5,Carl Junction,0
2013-11-07,Harrisonville,5,Warrensburg,1
2013-11-07,East (Kansas City),1,Raytown South,3
2013-11-07,Liberty North,1,Excelsior Springs,0
2013-11-07,Smithville,6,Platte County,0
2013-11-07,Seckman,2,Fox,1
2013-11-07,Ft. Zumwalt South,1,Francis Howell Central,2
2013-11-07,Vianney,3,Kirkwood,2
2013-11-07,Marquette,0,Christian Brothers College,1
2013-11-07,Chaminade College Prep,0,SLUH,1
2013-11-07,Rock Bridge,3,Hickman,0
2013-11-07,Jefferson City,4,Waynesville,0
2013-11-07,Glendale,5,Nixa,0
2013-11-07,Lee's Summit West,3,Rockhurst,5
2013-11-07,Lee's Summit North,0,Lee's Summit,1
2013-11-07,Liberty,4,Fort Osage,1
2013-11-07,Park Hill South,3,Staley,5
2013-11-08,Principia,0,John F. Kennedy,1
2013-11-08,Fatima,1,Dixon,0
2013-11-08,Rolla,0,Helias Catholic,1
2013-11-08,Joplin,2,Kickapoo,1
2013-11-09,Sacred Heart,8,Cole Camp,0
2013-11-12,Bayless,1,St. Pius X (Festus),4
2013-11-12,Whitfield,0,John Burroughs,1
2013-11-12,Veritas Christian Academy,0,John F. Kennedy,1
2013-11-12,Fatima,1,Southern Boone,6
2013-11-12,Sacred Heart,8,Laquey,1
2013-11-12,Monett,0,Springfield Catholic,4
2013-11-12,Barstow,1,St. Paul Lutheran (Concordia),2
2013-11-12,St. Pius X (Kansas City),2,Cristo Rey,1
2013-11-12,Webster Groves,4,Affton,0
2013-11-12,Parkway West,0,Ladue Horton Watkins,1
2013-11-12,Hannibal,0,St. Dominic,6
2013-11-12,Helias Catholic,1,Union,0
2013-11-12,Carthage,5,Willard,1
2013-11-12,Raytown South,2,Harrisonville,1
2013-11-12,Smithville,0,Liberty North,1
2013-11-12,Timberland,2,Seckman,1
2013-11-12,Francis Howell North,0,Francis Howell Central,3
2013-11-12,Eureka,2,Vianney,1
2013-11-12,SLUH,3,Christian Brothers College,2
2013-11-12,Jefferson City,0,Rock Bridge,4
2013-11-12,Joplin,0,Glendale,3
2013-11-12,Lee's Summit,0,Rockhurst,2
2013-11-12,Staley,2,Liberty,1
2013-11-16,John Burroughs,1,St. Pius X (Festus),0
2013-11-16,Southern Boone,2,John F. Kennedy,0
2013-11-16,Springfield Catholic,3,Sacred Heart,2
2013-11-16,St. Pius X (Kansas City),3,St. Paul Lutheran (Concordia),2
2013-11-16,Webster Groves,3,Perryville,1
2013-11-16,St. Dominic,2,Ladue Horton Watkins,0
2013-11-16,Carthage,4,Helias Catholic,0
2013-11-16,Liberty North,0,Raytown South,1
2013-11-16,Francis Howell Central,1,Timberland,2
2013-11-16,SLUH,1,Eureka,0
2013-11-16,Glendale,1,Rock Bridge,0
2013-11-16,Staley,0,Rockhurst,2
2013-11-22,Southern Boone,0,John Burroughs,2
2013-11-22,St. Pius X (Kansas City),0,Springfield Catholic,2
2013-11-22,St. Dominic,2,Webster Groves,0
2013-11-22,Raytown South,0,Carthage,2
2013-11-22,SLUH,3,Timberland,4
2013-11-22,Rockhurst,2,Glendale,1
2013-11-23,Springfield Catholic,0,John Burroughs,2
2013-11-23,St. Pius X (Kansas City),2,Southern Boone,3
2013-11-23,Carthage,0,St. Dominic,3
2013-11-23,Raytown South,0,Webster Groves,3
2013-11-23,Rockhurst,3,Timberland,1
2013-11-23,Glendale,1,SLUH,2
